State_Name,State_code,Lga_name,Lga_code,EA_NAME,EA_code,EAsize,Unique ID,Reserve Cluster (RC),,PRIMARY  LOCALITY NAME
ABIA,,ABA  SOUTH,135,20/24 OBA STREET OFF 46 PH. ROAD,256,315,1,,,OBUDA
ABIA,,ABA  SOUTH,135,NO 17 UKAONYEZE STREET,822,315,2,,,EZIUKWU - ABA
ABIA,,ABA  SOUTH,135,CHRIST SALVATION MINISTRIES,1386,315,3,,,UMUOGELE MBANO
ABIA,,ABA  SOUTH,135,NO 143 IBERE ROAD,1950,315,4,,,ETITI - OHAZU UMUOSI
ABIA,,ABA  SOUTH,135,NO6 OKWUONU STREET,2514,315,5,,,AKOLI OHAZU
ABIA,,ABA NORTH,115,NO 1A NWACHUKWU CLOSE (NWACHUKWU COMPOUND),548,212,6,,,OSUSU ABA
ABIA,,AROCHUKWU,45,SUNDAY IBE,264,305,7,,,NDI OKORIE ABAM
ABIA,,AROCHUKWU,45,RIGHT WING FILLING STATION,846,305,8,,,AGBAGWU AROCHUKWU
ABIA,,BENDE,25,SALVATION ARMY CHURCH,372,261,9,,,OKOKO ITEM
ABIA,,BENDE,25,CHIJIOKE OKORIE,1054,261,10,,,NGWU
ABIA,,IKWUANO,75,HON. CHIEF CLEMENT ONWUKWE,246,281,11,,,IYALU IBERE
ABIA,,IKWUANO,75,EBENEZER METHODIST,880,281,12,,,AMAEGBU
ABIA,,ISIALA-NGWA NORTH,85,JOSEPH NDIMELE,684,215,13,,,UMUAKWU
ABIA,,ISIALA-NGWA SOUTH,95,PROF. M.O. UGBAJA,82,196,14,,,UMUNNEATO
ABIA,,ISIALA-NGWA SOUTH,95,ELDER  CHINYERE S. ESHILE,990,196,15,,,OVUNGWU
ABIA,,ISIUKWUATO,15,MR INNOCENT OKEOCHA,464,212,16,,,AMAIBO
ABIA,,OBINGWA,105,CHIEF E. O. NWAGBARA,248,179,17,,,UMUOKENYA
ABIA,,OBINGWA,105,LUCKY ESIONYE (MAYOR),1240,179,18,,,ONICHA NGWA
ABIA,,OHAFIA,35,AMAFOR TOWN HALL,130,282,19,,,ETITIAMA NKPORO
ABIA,,OHAFIA,35,R.S.M. 6 (ARMY BARRACKS),760,282,20,,,EBEM OHAFIA
ABIA,,OHAFIA,35,OBIMBA HALL,1390,282,21,,,AMAEKPU OHAFIA
ABIA,,OSISIOMA NGWA,125,CATHOLIC CHURCH,416,186,22,,,UMUEZE UMUIKAA URATTA
ABIA,,OSISIOMA NGWA,125,NO 50 REDEEMED STREET,1372,186,23,,,UMUOCHAM
ABIA,,OSISIOMA NGWA,125,EKENWAOBAS MARKET,2328,186,24,,,AKPAA OSOKWA
ABIA,,UGWUNAGBO,145,CLINTON UCHE,764,223,25,,,NGWAIYIEKWE
ABIA,,UKWA WEST,165,OWAZA POSTAL AGENCY,208,293,26,,,UMUELELE - UKWU
ABIA,,UMUAHIA NORTH,55,ALBERT TIMOTHY,238,271,27,,,UMUAKA AFUGIRI
ABIA,,UMUAHIA NORTH,55,NO 34 LAGOS STREET,894,271,28,,,UMUAHIA URBAN
ABIA,,UMUAHIA NORTH,55,CHIEF ROWLAND NWABUEZE,1550,271,29,,,ISIAMA AFARAUKWU
ABIA,,UMUAHIA SOUTH,65,HRH EZE ONUOHA GODWIN,694,219,30,,,LAGURU
ABIA,,UMUNNEOCHI,5,NNADIRI APKULONU,190,272,31,,,OBINOLU NGODO
ABIA,,UMUNNEOCHI,5,MADUKA ALAGO,844,272,32,,,UMUEHIHIE AMUDA
ADAMAWA,,DEMSA,125,ERI D. WINDIBIZIRI,558,213,33,,,MARARRABA
ADAMAWA,,DEMSA,125,KUMULE MANYO,1512,213,34,,,KUMULE MANYO
ADAMAWA,,FUFORE,165,LCCN DULO BWATIYE,670,237,35,,,DULO BWATYE
ADAMAWA,,FUFORE,165,WAM KURA,1508,237,36,,,WAM KURA
ADAMAWA,,GANYE,195,ABEL WEBINUMEN,636,232,37,,,GANYE
ADAMAWA,,GANYE,195,Samari Jatau,1606,232,38,,,Jatau
ADAMAWA,,GIREI,155,USMAN NAGOGO GRD 2ND FLOOR,654,299,39,,,SANGERE JAURO YAHAYA
ADAMAWA,,GOMBI,65,DAN BORNO SPECIAL BREAD,458,293,40,,,GOMBI
ADAMAWA,,GUYUK,95,Sule Goni,164,224,41,,,Doma
ADAMAWA,,GUYUK,95,James Koshe,1056,224,42,,,Kwarithaute
Adamawa,,HONG,55,MOHAMMED SHALL,394,206,43,,,MAKERA
Adamawa,,HONG,55,REV. BAKO YERIMA,1360,206,44,,,DILBUNI (COE)
ADAMAWA,,JADA,185,Kojoli Pri. Sch.,384,385,45,,,Kojoli
ADAMAWA,,LAMURDE,105,DAPO BEWULA,12,196,46,,,BOLERE
ADAMAWA,,LAMURDE,105,BAPTIST CHURCH,1034,196,47,,,LAFIYA
ADAMAWA,,MADAGALI,5,BITRUS DACHA,1054,168,48,,,DAMAI KASA
ADAMAWA,,MAIHA,45,JAURO ABDULLAHI,368,285,49,,,DOU-MAYO
ADAMAWA,,MAYO-BELWA,175,KAMANA FULANI,434,192,50,,,KAMANA FULANI
ADAMAWA,,MAYO-BELWA,175,BONIFACE PETER,1470,192,51,,,MOKI B
ADAMAWA,,MICHIKA,15,Simon Sini,1116,157,52,,,Watu
ADAMAWA,,MUBI NORTH,25,GUBI,208,302,53,,,GUBI
ADAMAWA,,MUBI NORTH,25,ALH. DAN'IYA MAI YADI,866,302,54,,,MUBI
ADAMAWA,,MUBI SOUTH,35,WURO HESO 'B',518,304,55,,,WURO HESU
ADAMAWA,,NUMAN,115,HAMMAN AYERO,506,192,56,,,NUMAN
Adamawa,,Shelleng,85,Bajegya Bajoda,346,339,57,,,Ruwi-Ruwi Fulani
ADAMAWA,,SONG,75,KUKTA LCCN CHURCH,60,234,58,,,KUPTA
ADAMAWA,,SONG,75,NASSARAWO KARLAHI,908,234,59,,,WURO JAURO AHMAD
ADAMAWA,,TOUNGO,205,MUSA ADAMU,84,248,60,,,MAYO - VEM
ADAMAWA,,YOLA NORTH,135,BUKAR GANA,252,461,61,,,DOUBELI
ADAMAWA,,YOLA NORTH,135,POLICE COMMAND PRIMARY SCHOOL,682,461,62,,,DOUYOLDE
ADAMAWA,,YOLA SOUTH,145,NAMTARI MANGA AREA COURT,290,392,63,,,NAMTARI MANGA
ADAMAWA,,YOLA SOUTH,145,NICHOLAS PAUL,798,392,64,,,YOLA
AKWA IBOM,,ABAK,85,CHRIST FAITH CH.,310,212,65,,,AFAHA ESANG
AKWA IBOM,,EASTERN OBOLO,295,METHODIST CHURCH,146,214,66,,,OUT - OGOON
AKWA IBOM,,EKET,265,ARIS HOME,788,197,67,,,USUNG INYANG
AKWA IBOM,,ESIT EKET,245,ASUQUO USUNGINWANG,196,274,68,,,AKPAUTONG
AKWA IBOM,,ESSIEN -- UDIM,95,CLETUS JIMMY,830,206,69,,,IKOT IBANGA
AKWA IBOM,,ETIM -- EKPO,115,RICHARD UDO GEORGE,124,225,70,,,NKWOT IKONO
AKWA IBOM,,ETINAN,155,COL A. T. IKPAT,262,228,71,,,IKOT ISONG
AKWA IBOM,,ETINAN,155,SOLOMON FRANCIS AKPAN,1332,228,72,,,IWO ETOR
AKWA IBOM,,IBESIKPO ASUTAN,175,NDARAKE MBONG,244,248,73,,,AFAHA IKOT OSSOM
AKWA IBOM,,IBIONO IBOM,45,DANIEL UDOFIA UMO,120,247,74,,,IKOT  EKPE
AKWA IBOM,,IBIONO IBOM,45,UDO ASANGA NTUK,1108,247,75,,,IBIAKU  AWAT  NKANG
AKWA IBOM,,IKA,105,ODORO MBADUM FAMILY HALL,624,225,76,,,NTO MBADUM
AKWA IBOM,,IKONO,35,NEW APOSTOLIC CH.,1094,218,77,,,IKOT UDOFIA ITAK
AKWA IBOM,,IKOT ABASI,305,AKPAN UDO JACOB,998,220,78,,,IKPETIM
AKWA IBOM,,IKOT EKPENE,25,GEORGE O. AKPAN,986,201,79,,,ATA ESSIEN URUK USO
AKWA IBOM,,INI,5,THE APOSTOLIC CHURCH,718,222,80,,,EDEM IDIM IBAKASI
AKWA IBOM,,ITU,55,WILLIAM OKON UMOH,936,219,81,,,EKRITAM
AKWA IBOM,,MBO,225,OKON ISANG,858,225,82,,,ASIAK OBUFA
AKWA IBOM,,MKPAT ENIN,145,CHIEF O. E. OKOBO,948,245,83,,,IKOT ETEFIA UKAM
AKWA IBOM,,NSIT-- ATAI,185,EFFIONG ESSIEN,546,222,84,,,OKORO  NSIT
AKWA IBOM,,NSIT UBIUM,255,IBEREDEM HARRY,8,230,85,,,IKOT OBIO NDUA
AKWA IBOM,,NSIT UBIUM,255,AKPAN SAM,1070,230,86,,,AKAI UBIUM
AKWA IBOM,,OBOT-- AKARA,15,SACRED HEART SCHOOL,536,440,87,,,NTO ETON
AKWA IBOM,,OKOBO,195,ITAK MARK ABIA,830,223,88,,,EBIGHI ANWA ORO
AKWA IBOM,,ONNA,275,AKPAN TOMMY,790,283,89,,,UKPANA
AKWA IBOM,,ORUK -- ANAM,135,ANWA MBOT,184,248,90,,,IKOT OKUSUNG
AKWA IBOM,,ORUK -- ANAM,135,CHIEF JOHNSON NTANG,1168,248,91,,,IKOT OBIO ADUAK
AKWA IBOM,,UKANAFUN,125,UDO UBOM UDO UDO,322,261,92,,,ABAT AFAHA OBO
AKWA IBOM,,URUAN,65,MAJOR P. BASSEY,286,271,93,,,IFIAYONG USUK
AKWA IBOM,,URUE -- OFFONG / ORUKO,235,HEALTH CENTRE,300,289,94,,,UKUDA
AKWA IBOM,,UYO,75,GODWIN ASUQUO,1104,171,95,,,ATAN OFFOT
AKWA IBOM,,UYO,75,9 ATAKPO STR.,2530,171,96,,,EWET OFFOT
ANAMBRA,,AGUATA,195,ANDREW  ATUENYI,30,205,97,,,OBINRI-ORAERI
ANAMBRA,,AGUATA,195,ICHIE EZEOKOYE,1304,205,98,,,NKONO-EKWULOBIA
ANAMBRA,,AGUATA,195,PATRICK EZEAMAMA,2578,205,99,,,UMUORU-UGA
ANAMBRA,,ANAMBRA EAST,35,ALL SAINTS HOSPITAL,276,176,100,,,UMUOBA-ANAM [OTUOCHA]
ANAMBRA,,ANAMBRA WEST,5,OKAFOR AWUJA,22,235,101,,,OWELLE
ANAMBRA,,ANAMBRA WEST,5,AKPUEBE CAMP,1134,235,102,,,ISIOROMA-OROMA ETITI ANAM
ANAMBRA,,ANAOCHA,95,JACOB ILOAKABA,844,229,103,,,NWANCHI-AGULU
ANAMBRA,,ANAOCHA,95,MICHAEL IZUAGBACHUKWU,1984,229,104,,,OBELEDUANI-OBELEDU
ANAMBRA,,AWKA NORTH,25,DICKSON UZODIGWE,780,188,105,,,AMAEZE-MGBAKWU
ANAMBRA,,AWKA SOUTH,75,NO 21 AMIKWO ROAD,1160,158,106,,,IGWEOGIGE-AMIKWO-AWKA
ANAMBRA,,AYAMELUM,15,OGIDIGA PRI. SCHOOL,244,271,107,,,AMAH-IFITE OGWARI
ANAMBRA,,DUNUKOFIA,55,NWEZE  GODWIN,56,205,108,,,AMAGU-UKWULU
ANAMBRA,,EKWUSIGO,165,ANYADIKE MESHACK,408,195,109,,,UMUEZEOPI UNODU ORAIFITE
ANAMBRA,,IDEMILI NORTH,105,ST ANDREW ANG CH. OBOSI,118,204,110,,,IREH-OBOSI
ANAMBRA,,IDEMILI NORTH,105,MR.   NWAJIAKU,1398,204,111,,,AMAFOR NKPOR-AGU NKPOR
ANAMBRA,,IDEMILI NORTH,105,VINCENT MUOGBO,2678,204,112,,,OLISE OKPALIKO EZIOWELLE
ANAMBRA,,IDEMILI NORTH,105,OUR LADY'S CATH. CHURCH,3958,204,113,,,ABIDI-IFITEORA-UMUOJI
ANAMBRA,,IDEMILI SOUTH,145,JOEL OKEKE,940,221,114,,,OHAESHINDU AWUDA NNOBI
ANAMBRA,,IHIALA,175,LAWRENCE EBULUE,318,174,115,,,IHITE-OKIJA
ANAMBRA,,IHIALA,175,SIMON UGWUDIKE,1818,174,116,,,AMUDO-UMUEZE-ISEKE
ANAMBRA,,IHIALA,175,IGNATIUS UKACHUKWU,3318,174,117,,,UBAHUDARA-IHITE-ULI
ANAMBRA,,NJIKOKA,65,MICHEAL MOKWUE,1270,185,118,,,UMUDUNU-ABAGANA
ANAMBRA,,NNEWI NORTH,155,ANENE NWOSU,1388,143,119,,,OBIUNO-OTOLO-NNEWI
ANAMBRA,,NNEWI SOUTH,185,ANDREW  UMEOBI,722,205,120,,,ETITINABO-UNUBI
ANAMBRA,,NNEWI SOUTH,185,CALVARY  HOSPITAL,1996,205,121,,,AWOR-EZINIFITE
ANAMBRA,,OGBARU,135,MENTINA FILLING  STATION,1118,183,122,,,ANAUDO-OKPOKO
ANAMBRA,,ONITSHA NORTH,115,NO 18 OLD MKT ROAD,140,133,123,,,WATERSIDE-ONITSHA
ANAMBRA,,ONITSHA SOUTH,125,NO 6B OTUMOYE  STREET,162,168,124,,,ODAKPU-ONITSHA
ANAMBRA,,ORUMBA NORTH,85,AUSTINE EZUE,62,224,125,,,AWA
ANAMBRA,,ORUMBA NORTH,85,MIKE OFFICE,1228,224,126,,,IFITE-OKO
ANAMBRA,,ORUMBA SOUTH,205,LEONARD  CHUKWUDOLUE,1154,165,127,,,UMUOKPULUKPU-UMUOMAKU
ANAMBRA,,OYI,45,DOMNIC IFEONU,452,181,128,,,DUSOGU-IKENGA AWKUZU
BAUCHI,,ALKALERI,165,UNG. CHIROMA SARKI HAMZA,690,211,129,,,MANSUR
BAUCHI,,ALKALERI,165,BUDA,2068,211,130,,,BUBA
BAUCHI,,BAUCHI,145,ABDULLAHI SALLAU,304,235,131,,,TSOHON KAMFANI
BAUCHI,,BAUCHI,145,BALA MAISHANU,1542,235,132,,,DON
BAUCHI,,BAUCHI,145,ALHAJI MAGAJI,2778,235,133,,,BAUCHI
BAUCHI,,BAUCHI,145,UNG. KANAWA MAGAJI,4016,235,134,,,YOLA
BAUCHI,,DAMBAN,85,UNG. DANCHUWA,394,199,135,,,DANCHUWA
BAUCHI,,DARAZO,95,NAHUTAN LAMBA,272,251,136,,,NAHUTAN LAMBA
BAUCHI,,DARAZO,95,YUSUF LIMAN,1430,251,137,,,DARAZO
BAUCHI,,DASS,185,NASSARAWA,768,196,138,,,DOTT
BAUCHI,,GAMAWA,15,ALIRI,886,295,139,,,ALIRI-SABAYO
BAUCHI,,GAMAWA,15,UMARU ALH. CHINDO,1872,295,140,,,GARIN UMAR
BAUCHI,,GANJUWA,105,UNG. ZAMFARAWA,1154,238,141,,,KAFIN MAGAJI
BAUCHI,,GIADE,65,ALHAJI MAGAJI DANO,42,218,142,,,ISAWA
BAUCHI,,GIADE,65,BAUSHE ADAMU,1376,218,143,,,JULA
BAUCHI,,ITAS/GADAU,25,MALAM FARI,984,283,144,,,DIGA
BAUCHI,,JAMA ' ARE,35,ALKALI NAREWA,434,259,145,,,JAMA’ARE
BAUCHI,,KATAGUM,45,SAIDU MAI KURATANDU,582,289,146,,,AZARE
BAUCHI,,KATAGUM,45,DUKOLI,1588,289,147,,,BULTURI
BAUCHI,,KIRFI,155,UMARU MUH'D. SARKIN KIRFI,658,249,148,,,KIRFIN KASA
BAUCHI,,MISAU,75,JAURO BABA,690,237,149,,,JAURO BABA
BAUCHI,,MISAU,75,ALHAJI LABIRU,1916,237,150,,,MISAU
BAUCHI,,NINGI,125,UNG. SARKI TANIMU,1142,194,151,,,JIGAWAN KURAN
BAUCHI,,NINGI,125,UNG. IBRAHIM  DAN INO,2640,194,152,,,SABUWAR TIFFI
BAUCHI,,SHIRA,55,KIRBITIN BARE BARI,122,260,153,,,KIRBITIN BAREBARI
BAUCHI,,SHIRA,55,SALEH SARKIN BAKA,1240,260,154,,,TSAFI
BAUCHI,,TAFAWA-BALEWA,175,SHIKANYANG,614,236,155,,,GOT-SHIKAN YANG
BAUCHI,,TAFAWA-BALEWA,175,UBANDOMAN BARAYA,1846,236,156,,,DULL
BAUCHI,,TORO,135,SUDA,1246,228,157,,,SUDA
BAUCHI,,TORO,135,G.S.S TORO S. BAUCHI HOUSE,2522,228,158,,,TORO
BAUCHI,,WARJI,115,CHAKALA,698,249,159,,,MUDA LALLAN
BAUCHI,,ZAKI,5,BADELE,1188,197,160,,,BADELE
BAYELSA,,BRASS,65,CUSTOMARY COURT,200,461,161,,,KOTI KIRI
BAYELSA,,BRASS,65,CHIEF LAZARUS EKOMA MOKO,432,461,162,,,EGWEAMA
BAYELSA,,BRASS,65,KING OBU OKPU,662,461,163,,,OKPOAMA
BAYELSA,,EKEREMOR,5,ATABU OZOBOFUN,262,168,164,,,ALEIBIRI
BAYELSA,,EKEREMOR,5,ASABA IZONYE,896,168,165,,,OBIRIGBENE I
BAYELSA,,EKEREMOR,5,POLOKEDUO AGBEDI,1528,168,166,,,TAMO GBENE
BAYELSA,,EKEREMOR,5,COMM. TOWN HALL,2162,168,167,,,PERETORU GBENE
BAYELSA,,EKEREMOR,5,FULU GBENE,2798,168,168,,,AGHORO
BAYELSA,,KOLOKUMA/OPOKUMA,25,DANIEL OGORIBA,152,252,169,,,ODI
BAYELSA,,KOLOKUMA/OPOKUMA,25,AARON GBENE,576,252,170,,,SABAGREIA
BAYELSA,,NEMBE,75,COMMUNITY PRI. SCHOOL,424,220,171,,,ISELEOGONO
BAYELSA,,NEMBE,75,SATGURU MAHARAJJI,908,220,172,,,BASSAMBIRI
BAYELSA,,OGBIA,45,CHERUBIM & SERAPHIM CHURCH,196,227,173,,,EMEYAL II
BAYELSA,,OGBIA,45,GEORGE ODOMINA,664,227,174,,,OTUOKE
BAYELSA,,OGBIA,45,MACAULAY IBULU,1144,227,175,,,OTUABULA I
BAYELSA,,SAGBAMA,15,COMMUNITY GENERATOR,24,183,176,,,ELEMEBIRI
BAYELSA,,SAGBAMA,15,JIMMY EKISAH,606,183,177,,,SAGBAMA
BAYELSA,,SAGBAMA,15,SHOPMAN OGBORIO,1188,183,178,,,KABEAMA
BAYELSA,,SAGBAMA,15,KINGDOM HALL,1768,183,179,,,AGALABIRI
BAYELSA,,SOUTHERN IJAW,55,OGBE OBIDAGHA,340,165,180,,,AMASSOMA
BAYELSA,,SOUTHERN IJAW,55,ASSEMBLIES OF GOD CH.,986,165,181,,,ANGIAMA GBENE
BAYELSA,,SOUTHERN IJAW,55,OFOGO OPUMIE,1636,165,182,,,IPIRIGENE
BAYELSA,,SOUTHERN IJAW,55,OPOBO GBABO,2280,165,183,,,KOROKOROSEI
BAYELSA,,SOUTHERN IJAW,55,ABARA KARIBO,2926,165,184,,,UKUBIE
BAYELSA,,SOUTHERN IJAW,55,SYLVANUS JORDAN,3572,165,185,,,EKENI
BAYELSA,,YENAGOA,35,C & S CHURCH,348,151,186,,,FREE TOWN OKORODUA
BAYELSA,,YENAGOA,35,OKUBOWEI ANGBAKURO,1054,151,187,,,OKOLOBIRI
BAYELSA,,YENAGOA,35,CHF. EGEI FILLING STATION,1758,151,188,,,YENEGWE
BAYELSA,,YENAGOA,35,TARGET SEIKIBO,2466,151,189,,,BIOGBOLO
BAYELSA,,YENAGOA,35,BOKIZIBA ODEKE,3172,151,190,,,AMARATA
BAYELSA,,YENAGOA,35,BELIEVE GOD GBENE,3876,151,191,,,BUMOUNDI-GBENE
BAYELSA,,YENAGOA,35,COMMUNITY HEALTH CENTRE,4586,151,192,,,AGUDAMA-EPIE
BENUE,,ADO,165,AUGUSTINE NWANGBO,678,239,193,,,EGU-EDE
BENUE,,AGATU,5,ABUGBE EBENOGWU,290,203,194,,,ABUGBE
BENUE,,APA,15,ADOBA AJEBI,414,225,195,,,IJAHA-IBELE
BENUE,,BURUKU,85,Tsombor I,760,218,196,,,Tsombur I
BENUE,,GBOKO,105,LGEA PRI. SCH. SHOGODO,108,172,197,,,MBAKANKU
BENUE,,GBOKO,105,AYAKA TYOYER,1654,172,198,,,MBAASHIR
BENUE,,GBOKO,105,GEORFRY UDEH,3200,172,199,,,GBOKO
BENUE,,GUMA,45,HON. APU,442,215,200,,,MBASHIMAKE
BENUE,,GUMA,45,MBAMASE,1678,215,201,,,MBAAMASE
BENUE,,GWER EAST,115,LEPROSY CLINIC MANGER,1534,156,202,,,MBAAGOR   I
BENUE,,GWER WEST,25,IGBABEE ADAM,972,173,203,,,MBANAWA
BENUE,,KATSINA-ALA,75,NKST CH. VINGIR,1264,150,204,,,VINGIR
BENUE,,KONSHISHA,195,ANONOGO UKPE,30,148,205,,,MBASHAVJA
BENUE,,KONSHISHA,195,NKST CHURCH AGUJI,1826,148,206,,,MBASHIOR II
BENUE,,KWANDE,215,AKASE OSRDUE,486,171,207,,,JATO AKA
BENUE,,KWANDE,215,NKST CHURCH MKE,2042,171,208,,,MBAIVOR
BENUE,,LOGO,55,ORMEGH ORHYAGH,520,224,209,,,MBAAOR
BENUE,,MAKURDI,35,ZAKI TSENONGO UMA,118,360,210,,,UGONDO
BENUE,,MAKURDI,35,CHRIST ANGLICAN NUR/PRI. SCHOOL,858,360,211,,,MAKURDI
BENUE,,MAKURDI,35,ZAKI ATIM MABYER,1596,360,212,,,FIIDI
BENUE,,OGBADIBO,155,Faith Gospel Outreach,306,137,213,,,Old Branch
BENUE,,OHIMINI,135,GRACE CHAPEL  CHURCH,398,115,214,,,OJALI
BENUE,,OJU,185,STEPHEN AKO,790,215,215,,,INYUMA
BENUE,,OKPOKWU,145,AJIDE (EKEH),700,140,216,,,AJIDE
BENUE,,OTURKPO,125,LGEA PRIM. SCH. UKPLAGO,50,248,217,,,OLAKPOGA
BENUE,,OTURKPO,125,REVIVAL POWER CHAPEL CHURCH,1122,248,218,,,IGBANONMAJE
BENUE,,TARKA,95,Zaki Ndua Nongu,56,204,219,,,Mbakyoram
BENUE,,UKUM,65,ASSEMBLIES OF GOD CHURCH,712,167,220,,,JOOTAR
BENUE,,UKUM,65,CHUIAHEMBA MBATIANKAA,2304,167,221,,,DYOM
BENUE,,USHONGO,205,YAKUBU ABEEKYAA,1634,133,222,,,MBAAKILE
BENUE,,VANDEIKYA,225,NKST PRIM SCHOOL YAAYA,308,322,223,,,MBASHUAN
BENUE,,VANDEIKYA,225,MBAABAR,1134,322,224,,,MBAABAR
BORNO,,ASKIRA/UBA,205,BULAMA IBRAHIM,360,243,225,,,NJOMA
BORNO,,ASKIRA/UBA,205,KIVIRDAM CHINDA,934,243,226,,,MUSA
BORNO,,BAYO,245,JAURO MUSA,522,151,227,,,GARIN GADO
BORNO,,BIU,225,BULAMA BUKAR,348,178,228,,,MIRINGA
BORNO,,BIU,225,MARKUS MARAMA,1132,178,229,,,BIU
BORNO,,BIU,225,JAURO MUSA,1916,178,230,,,PANANA
BORNO,,CHIBOK,215,BULAMA YAKUBU,910,141,231,,,MBALALA
BORNO,,GUBIO,45,BULAMA GREMA JALO,954,142,232,,,JILLI
BORNO,,GUBIO,45,ALH MUSA BULAMA,1936,142,233,,,GUBIO
BORNO,,HAWUL,265,MUSA TALBU,754,149,234,,,DIBARMI
BORNO,,JERE,95,BUL. ABUBAKAR,68,156,235,,,SUYINARI
BORNO,,JERE,95,SALE ABDULLAHI,964,156,236,,,DIKWA LOCOUST
BORNO,,JERE,95,MURTALA HALL A5,1858,156,237,,,UNIMAID
BORNO,,KAGA,65,ALH. BUKAR YARO,64,193,238,,,NGAMDU
BORNO,,KAGA,65,GONI BUKAR,788,193,239,,,TOBOLO
BORNO,,KONDUGA,75,BULAMA JIDDA,608,184,240,,,SOJIRI
BORNO,,KONDUGA,75,BUKAR KIME,1366,184,241,,,KONDUGA
BORNO,,KWAYA KUSAR,235,DAHIRU DIKA,710,108,242,,,GUSI
BORNO,,MAFA,135,BULAMA WARI,442,234,243,,,ALLAMIRAM
BORNO,,MAGUMERI,55,BULAMA ALIRI,170,212,244,,,BULAMA ALIRI
BORNO,,MAGUMERI,55,BULAMA MALA ALI,830,212,245,,,MAIRARI
BORNO,,MAIDUGURI,85,BULAMA MODU,180,189,246,,,JAJERI
BORNO,,MAIDUGURI,85,ALH. GREMA DAMBOA,918,189,247,,,MAFONI
BORNO,,MAIDUGURI,85,ALHAJI BUKAR,1658,189,248,,,UMARARI
BORNO,,MAIDUGURI,85,ALH. MUSA,2396,189,249,,,ZONGO
BORNO,,MAIDUGURI,85,MANSUR MOHAMMED,3134,189,250,,,GWANGE
BORNO,,MAIDUGURI,85,MODU MAI GORO,3874,189,251,,,GWANGE
BORNO,,MAIDUGURI,85,MALLAM MOHAMMED,4612,189,252,,,MODUGANARI
BORNO,,MAIDUGURI,85,IBRAHIM LAWAN LASSAN,5352,189,253,,,DALA
BORNO,,NGANZAI,105,DOYA DUNMARI,464,148,254,,,DOYA DUNAMARI
BORNO,,SHANI,255,MALLAM KWAIRI,70,141,255,,,TASHAN MAINA
BORNO,,SHANI,255,UMORU SEMA,1060,141,256,,,BARGU
CROSS RIVER,,ABI,105,BASSEY EGWA,526,179,257,,,ILIKE
CROSS RIVER,,ABI,105,CHIEF. INAH IREM,1536,179,258,,,EBOM
CROSS RIVER,,AKAMKPA,125,AKUREKPIN,820,205,259,,,AKAMKPA URBAN
CROSS RIVER,,AKPABUYO,165,CATHOLIC CHURCH,100,486,260,,,AKANSOKO
CROSS RIVER,,AKPABUYO,165,OKON UKPA,472,486,261,,,IKOT EFFIOM
CROSS RIVER,,AKPABUYO,165,AKPABUYO COUNCIL SECRETARIAL,844,486,262,,,IKOT AKPANDEM NAKANDA
CROSS RIVER,,BAKASSI,175,ANIEKAN ASUQUO,374,127,263,,,UTAN UDIA (UBENE OFUM)
CROSS RIVER,,BEKWARRA,15,AFIA ABUBU,1810,91,264,,,ANYIKANG
CROSS RIVER,,BIASE,115,CHIEF SUNDAY EVONG,568,237,265,,,AKPET CENTRAL
CROSS RIVER,,BIASE,115,MR. STEPHEN AGBOR,1330,237,266,,,IWURU OBIO NTAN
CROSS RIVER,,BOKI,55,THOMAS KEKONG,1288,124,267,,,BEKPOR
CROSS RIVER,,BOKI,55,CHIEF CHARLES OSANG,2746,124,268,,,ABO-OGBANGANTE
CROSS RIVER,,CALABAR MUNICIPAL,155,CHIEF EFFIOM OKON,488,307,269,,,ETAB IBAN AMANSO
CROSS RIVER,,CALABAR MUNICIPAL,155,TEACHING HOSPITAL,1076,307,270,,,EFUT UWANSE
CROSS RIVER,,CALABAR SOUTH,145,INFECTIOUS DISEASE HOSPITAL,464,308,271,,,EFUT ABUA
CROSS RIVER,,CALABAR SOUTH,145,TIMAS EDUCATIONAL CENTRE,1052,308,272,,,AKANI ESUK OROK
CROSS RIVER,,ETUNG,65,CHRIST FOR THR WORLD MISSION,676,180,273,,,AJASSOR MISSION
CROSS RIVER,,IKOM,75,MR. TAKON MANYO,644,222,274,,,OKWA-AKPARABONG
CROSS RIVER,,IKOM,75,CHIEF ANTHONY A. OGBAN,1460,222,275,,,OKOSORA
CROSS RIVER,,OBANLIKU,45,MR USANG ADIE,1540,115,276,,,AKORSHI 2
CROSS RIVER,,OBUBRA,85,OKPORTO  VILLAGE,918,152,277,,,OKPORTO
CROSS RIVER,,OBUBRA,85,CHUKWUMA OGODO,2108,152,278,,,NDU OBU-ORUTA
CROSS RIVER,,OBUDU,35,UGBONG AMAKE,1228,127,279,,,BEGIASHE-IGWO
CROSS RIVER,,ODUKPANI,135,CHIEF WILSON NKPONAM,66,203,280,,,OBIOM-UKWA
CROSS RIVER,,ODUKPANI,135,BEN MARTINS ST ODU YAMA,956,203,281,,,ODUYAMA
CROSS RIVER,,ODUKPANI,135,MOUNT ZION CHURCH,1848,203,282,,,UKIM MMONG IKOT OKON ABASI
CROSS RIVER,,OGOJA,25,PAUL OBI,1082,157,283,,,BEKWELL-EKUMTAK
CROSS RIVER,,YAKURR,95,MBANG USANG,44,153,284,,,ASSIGA AFREKPE NEW TOWN
CROSS RIVER,,YAKURR,95,CHIEF NKANU UBANGHA,1226,153,285,,,UGBAGU KETABEBE UGEP
CROSS RIVER,,YAKURR,95,AKPAMA OBONO,2408,153,286,,,LOKPOI-MKPANI
CROSS RIVER,,YALA,5,JOSEPH OMAGA,1116,140,287,,,ETIEKPO
CROSS RIVER,,YALA,5,ENUGU VILLAGE,2408,140,288,,,OKUKU VILLAGE
DELTA,,ANIOCHA NORTH,25,MARY NNAYEBO,266,160,289,,,ONICHA-OLONA
DELTA,,ANIOCHA SOUTH,45,ABUEDO PRIMARY  SCHOOL,222,415,290,,,UBULU-UKU
DELTA,,BOMADI,245,GODWIN CAMP,222,294,291,,,OGBEIN-AMA
DELTA,,BURUTU,235,SALMON PAFEYE,586,256,292,,,AYAKOROMO
DELTA,,BURUTU,235,PERETORO SUNDAY,1592,256,293,,,TUOMO
DELTA,,ETHIOPE EAST,105,EZEBUE PRIMARY SCHOOL,1160,214,294,,,AGBONRHORO
DELTA,,ETHIOPE WEST,175,ATIMA JOHN,478,215,295,,,UGBEVWE
DELTA,,ETHIOPE WEST,175,IKEMU EVELYN,1674,215,296,,,OGHAREKI
DELTA,,IKA  NORTH  EAST,15,IBILIBO IGWE,1262,167,297,,,IDUMUESAH
DELTA,,IKA SOUTH,5,CHARLES OGBEBOR,610,166,298,,,OROGODO-AGBOR
DELTA,,ISOKO NORTH,115,YOUNG OGAGAFE,94,251,299,,,ELLU
DELTA,,ISOKO NORTH,115,MR JAMES AMAGADA,1118,251,300,,,ENURU
DELTA,,ISOKO SOUTH,125,GORDON OBAROGE,1092,230,301,,,AVIARA
DELTA,,NDOKWA EAST,65,H. R. H MOSES OKWEYE,218,178,302,,,OBIKWELE
DELTA,,NDOKWA WEST,75,PETER ODOPU,506,177,303,,,IBABU
DELTA,,OKPE,165,BOYI AGBEDO,194,239,304,,,ADAGBRASSA-AGHALOKPE
DELTA,,OSHIMILI NORTH,35,NWADIASHI .ENWOKWU,280,167,305,,,ILLAH
DELTA,,OSHIMILI SOUTH,55,CHIEF D.F EDOZIE,284,236,306,,,ASABA
DELTA,,PATANI,135,SALOMI OFONI,116,211,307,,,PATANI
DELTA,,SAPELE,185,CHIEF OMUVWE,422,349,308,,,SAPELE
DELTA,,UDU,225,"MR, ALFRED",198,283,309,,,OVWIAN
DELTA,,UGHELLI NORTH,95,AKAWA,144,192,310,,,OROGUN
DELTA,,UGHELLI NORTH,95,ASSEMBLIES OF GOD CHURCH,1484,192,311,,,UVWIAMUGE
DELTA,,UGHELLI NORTH,95,CHIEF AKPOVI,2824,192,312,,,OVWODOKPOKPOR
DELTA,,UGHELLI SOUTH,145,OLUWA JOSIAH,702,223,313,,,OWHAWHA
DELTA,,UGHELLI SOUTH,145,UGBOTUAMA CAMP,1856,223,314,,,EWU
DELTA,,UVWIE,155,REDEEMED CHRISTIAN CHURCH OF GOD,20,325,315,,,EBRUMEDE
DELTA,,UVWIE,155,CAPT. PINIKI BILLING,812,325,316,,,EKPAN
DELTA,,WARRI NORTH,195,LAGOS JUNCTION  PRIMARY  SCHOOL,532,269,317,,,OGBINBIRI
DELTA,,WARRI SOUTH,215,OKITIKPI BAFOR,472,270,318,,,ODE ITSEKIRI
DELTA,,WARRI SOUTH,215,MR YOUNG MALUMI,1426,270,319,,,IGBUDU 2 OTOVWODO AGBARHA WARRI)
DELTA,,WARRI SOUTH WEST,205,MAMA OKUNGBE,74,245,320,,,ORERE
EBONYI,,ABAKALIKI,45,EBO-OBASHI SETTLEMENT,82,138,321,,,AGALEGU AMACHI
EBONYI,,ABAKALIKI,45,PAULINUS OGBOLOKO,1068,138,322,,,AMAECHARA NDIURUKU
EBONYI,,ABAKALIKI,45,NO. 12 UDI STREET,2054,138,323,,,ABAKPA ABAKALIKI URBAN
EBONYI,,AFIKPO NORTH,105,OGWU IKE POND,912,131,324,,,POPERI OPI AMASIRI
EBONYI,,AFIKPO NORTH,105,EKO EGWU,1950,131,325,,,MGBOM - ITIM
EBONYI,,AFIKPO SOUTH,115,AMAIYINTA TOWN HALL,346,225,326,,,AMAIYINTA
EBONYI,,AFIKPO SOUTH,115,ENYA AJA,950,225,327,,,OGBU AMATO EDDA
EBONYI,,EBONYI,25,AKATA AGU,280,122,328,,,ONYIRIGBO ISHIEKE
EBONYI,,EBONYI,25,EZE AJIOGU,1396,122,329,,,IMEBOR ENWUMINI OGUZORONWEYA
EBONYI,,EZZA NORTH,55,ST. ENDA'S CATHOLIC CHURCH,320,160,330,,,OKPOSHI AGBA
EBONYI,,EZZA NORTH,55,PETER NWAFOR,1170,160,331,,,UDENYI UMUEZEOKA
EBONYI,,EZZA SOUTH,65,UMU ANYIGOR,186,171,332,,,NDIAGUAZU NDUFU AMEKA
EBONYI,,EZZA SOUTH,65,NWANKWO UGBALA,980,171,333,,,AMUDO
EBONYI,,IKWO,75,NWOJON OTE,196,188,334,,,MGBABE ENYIBICHIRI
EBONYI,,IKWO,75,OGODO OGBU,918,188,335,,,OBEGU ELEKE NDUFU ECHARA
EBONYI,,IKWO,75,NWOBA AGWUM,1642,188,336,,,OLEKPUTARA IGBUDU
EBONYI,,ISHIELU,5,HARRISON EZE,138,114,337,,,UMULESHIA NKALAHA
EBONYI,,ISHIELU,5,IGWE NWANGA,1332,114,338,,,OHUHU OGBOJI EZZAGU
EBONYI,,ISHIELU,5,KENNETH OZUMBA,2526,114,339,,,AGAGA NTEZI
EBONYI,,IVO,125,CHIEF ANTHONY CHUKWU,788,151,340,,,AMANGWU OKUE ISHIAGU
EBONYI,,IZZI,35,OFOKE ONYIDA,74,168,341,,,ISIAJIM AGBAJA
EBONYI,,IZZI,35,NWOKPURU MBAM,884,168,342,,,"NDI NWITE NDIECHI, EZZA INYIMAGU"
EBONYI,,IZZI,35,MOSES NKWEGU,1694,168,343,,,OPEFFIA MGBALUKWU
EBONYI,,IZZI,35,OKEMINI NDUGO,2504,168,344,,,NDIDOKO
EBONYI,,OHAOZARA,95,ONYIBA NWANI EGWU,402,207,345,,,ONUNWOGBU OKPOSI-OKWU
EBONYI,,OHAOZARA,95,UKATA EGWU,1060,207,346,,,OBEGU ECHARA
EBONYI,,OHAUKWU,15,RAPHEL ODANWU,468,125,347,,,UREVENE - AMECHI
EBONYI,,OHAUKWU,15,BENJAMIN OMOGO,1556,125,348,,,NGELE UBO UMUOGUDU OSHIA
EBONYI,,OHAUKWU,15,INNOCENT AYA,2644,125,349,,,LEBADEGOM AKPARATA EFFIUM
EBONYI,,ONICHA,85,ASSEMBLIES OF GOD CHURCH,386,198,350,,,UFUOBA (AGBABOR ISU)
EBONYI,,ONICHA,85,AGU NWAFOR,1072,198,351,,,UMUNOGODOR
EBONYI,,ONICHA,85,TITUS AMIARA,1760,198,352,,,OHAOFFIA UKAWU
EDO,,AKOKO EDO,5,ODAFE'S ROYAL PALACE,794,555,353,,,ENWAN
EDO,,AKOKO EDO,5,HON.BEN AGABI,66,555,354,,,LAMPESE
EDO,,AKOKO EDO,5,AYANMI PRY. SCH.,430,555,355,,,UGBOSHI
EDO,,EGOR,145,SIMBRIDGE SECONDARY SCH,2994,175,356,,,EVBUOTUBU
EDO,,EGOR,145,CHIEF EDOGUN,684,175,357,,,USELU
EDO,,EGOR,145,ENOGIE PALACE UWELU,1838,175,358,,,UWELU
EDO,,ESAN CENTRAL,75,MR. R. AKHABUE RICHARD AKHABUE,170,262,359,,,IRRUA
EDO,,ESAN NORTH EAST,85,MOSES OKODUWA,146,249,360,,,AMEDOKHIAN
EDO,,ESAN NORTH EAST,85,OHIE MARKET,956,249,361,,,UROMI
EDO,,ESAN SOUTH EAST,95,NWUDIFOR ANIKWE,758,260,362,,,INYENLEN
EDO,,ESAN WEST,65,IDEHENRE PALACE,228,294,363,,,EKPOMA
EDO,,ETSAKO CENTRAL,15,CHIEF OSIGBEMHEN J.P,28,474,364,,,OGBONA
EDO,,ETSAKO EAST,15,POWER  GARDEN,800,286,365,,,AGENEBODE
EDO,,ETSAKO EAST,15,CHIEF  IBORI   OFEMILE,92,286,366,,,OKPELLA
EDO,,ETSAKO WEST,35,ALHAJI  OSENI  MOMOH,386,351,367,,,AUCHI
EDO,,ETSAKO WEST,35,EGONO MARKET,962,351,368,,,UBIANE
EDO,,IKPOBA-OKHA,165,MR.  G. IBIZUGBE,1102,185,369,,,OHOVBE
EDO,,IKPOBA-OKHA,165,SOLOMON ADAGBONYIN,3286,185,370,,,OKANIRO
EDO,,IKPOBA-OKHA,165,MR .EDWARD AGBONLAHOR,2194,185,371,,,UGBEKUN
EDO,,IKPOBA-OKHA,165,CHIEF UJIAGBE,8,185,372,,,URORA
EDO,,OREDO,155,GAUIS OBASEKI,1052,256,373,,,BENIN CITY
EDO,,OREDO,155,CHIEF OMUEMU,1932,256,374,,,BENIN CITY
EDO,,OREDO,155,DR OMOIKE,2722,256,375,,,OKO
EDO,,OREDO,155,WEST END CLINIC,262,256,376,,,UZEBU
EDO,,ORHIONMWON,175,CHIEF S.OSAZUWA,528,238,377,,,EVBOEHIGHEA
EDO,,ORHIONMWON,175,MIXED SECONDARY SCHOOL,1378,238,378,,,OBOZOGBE NIRO
EDO,,OVIA NORTH EAST,125,PARKER'S ( IGUOSHODIN CAMP ),812,199,379,,,IGUOSHODIN - NEBUDIN
EDO,,OVIA SOUTH WEST,135,AJAKURAMA MKT,1066,239,380,,,AJAKURAMA
EDO,,OVIA SOUTH WEST,135,MR OGBOMO,220,239,381,,,EVBONOGBON
EDO,,OWAN EAST,45,IHIEVBE GRAMMAR SCHOOL,472,383,382,,,IHIEVBE
EDO,,OWAN WEST,55,UZEBBA GRAMMAR SCHOOL,250,293,383,,,UZEBBA
EDO,,UHUNMWONDE,115,COMMUNITY BOREHOLE,326,237,384,,,OBADAN
EKITI,,ADO EKITI,65,M. D. BABAYEMI,180,174,385,,,ADO-EKITI
EKITI,,ADO EKITI,65,DR. PHILIP,1042,174,386,,,ADO-EKITI
EKITI,,ADO EKITI,65,PRINCE OWOLABI,1904,174,387,,,ADO-EKITI
EKITI,,ADO EKITI,65,S.A. FADUMIYE,2766,174,388,,,ADO-EKITI
EKITI,,AIYEKIRE(GBONYIN),55,C & S CHURCH,760,202,389,,,AGBADO EKITI
EKITI,,AIYEKIRE(GBONYIN),55,MR. OGUNDOLA MICHEAL,18,202,390,,,IJAN EKITI
EKITI,,EFON,115,ELDER MAGAJI,28,248,391,,,EFON - ALAAYE
EKITI,,EFON,115,OBA AYETORO CATHOLIC PRY. SCHL.,634,248,392,,,IJESA-ISU EKITI
EKITI,,EKITI EAST,45,CHIEF S. O. OJO IWORO,662,201,393,,,OMUO EKITI
EKITI,,EKITI SOUTH WEST,125,MR ZACCHAUS IGESHU,790,198,394,,,IJAN EKITI
EKITI,,EKITI SOUTH WEST,125,ALADEKOMO,34,198,395,,,ILAWE EKITI
EKITI,,EKITI SOUTH WEST,125,WAHAB AYINLA,1548,198,396,,,OSIN EKITI
EKITI,,EKITI WEST,105,MATHEW ADENIYI,636,200,397,,,ERIO EKITI
EKITI,,EKITI WEST,105,JOSIAH FOLORUNSO,1384,200,398,,,IKOYI EKITI
EKITI,,EMURE,155,DR POPOOLA,332,203,399,,,EMURE EKITI
EKITI,,IDO-OSI,85,FEMI AJIBOLA,80,356,400,,,AYETORO EKITI
EKITI,,IDO-OSI,85,PROF. OLUTOLA,502,356,401,,,ORIN EKITI
EKITI,,IJERO,95,BOLAJI JOSEPH,928,171,402,,,EDA ILE EKITI
EKITI,,IJERO,95,ADENIYI BAKERY,1804,171,403,,,IJERO EKITI
EKITI,,IJERO,95,ADARANIWON MICHAEL,50,171,404,,,ILORO EKITI
EKITI,,IKERE,135,AKEJU SIMEON,78,184,405,,,IKERE EKITI
EKITI,,IKERE,135,HON .BANJI ALUKO,892,184,406,,,IKERE EKITI
EKITI,,IKOLE,35,CHIEF OLOKA,1414,224,407,,,IJESA-ISU EKITI
EKITI,,IKOLE,35,COMMUNITY PRY. SCHOOL,74,224,408,,,ITAPAJI EKITI
EKITI,,IKOLE,35,MICHAEL ADELEKE,744,224,409,,,ODO-ORO EKITI
EKITI,,IREPODUN/IFELODUN,75,MATERNITY CENTRE,868,217,410,,,IWOROKO EKITI
EKITI,,IREPODUN/IFELODUN,75,ALELAGBA COOP.,176,217,411,,,IYIN EKITI
EKITI,,ISE/ORUN,145,BALOGUN VILLA,380,200,412,,,ISE EKITI
EKITI,,ISE/ORUN,145,MR ODEWOYE,1130,200,413,,,ISE EKITI
EKITI,,MOBA,5,ADE ABOLARIN,570,260,414,,,OTUN EKITI
EKITI,,OYE,25,ODOEGOSI MULTI-PURPOSE HALL,714,220,415,,,ILUPEJU EKITI
EKITI,,OYE,25,CH.BAMIGBOYE AKIN,32,220,416,,,OMU-OKE
ENUGU,,ANINRI,145,SABATH MISSION,472,232,417,,,ODUMA ACHARA
ENUGU,,AWGU,155,WILLIAM ONUOHA,1084,227,418,,,EKPULATOR MGBOWO IMEAMA
ENUGU,,AWGU,155,HON. AUGUSTINE OKONKWO,184,227,419,,,ENUGU ECHI IHE UMUOGODO
ENUGU,,ENUGU EAST,95,SAND BEACH INN,1354,343,420,,,NIKE - EMENE
ENUGU,,ENUGU EAST,95,CHRISTOPHER OFOR,162,343,421,,,NIKE UGBO ODOGWU EXPRESS
ENUGU,,ENUGU EAST,95,36 AMALUWEZE STREET,758,343,422,,,NIKE UGWUAGOR
ENUGU,,ENUGU NORTH,115,DAYSPRING BUILDING,742,429,423,,,ASATA ENUGU
ENUGU,,ENUGU NORTH,115,AKWETE / UKPO CLOSE,266,429,424,,,NEW HAVEN ENUGU
ENUGU,,ENUGU SOUTH,125,DISCIPLESHIP OF CHRIST 13 AMAUGUGWU,552,439,425,,,AWKUNANAW GARIKI
ENUGU,,ENUGU SOUTH,125,ST GREGORY THE GREAT CATH,88,439,426,,,AWKUNANAW IDAW RIVER
ENUGU,,EZEAGU,75,MR. SYLVANUS OHAECHE,250,203,427,,,EZIOWA MGBAGBU OWA
ENUGU,,EZEAGU,75,EBUNOHA CHARLES,1256,203,428,,,OGWOFIA OWA EGEDE
ENUGU,,IGBO-ETITI,45,PAUL ENE OKAFOR,1580,204,429,,,AMAKOFIA UKEHE ONUAGU
ENUGU,,IGBO-ETITI,45,DAVID EZEAKU,578,204,430,,,OHODO-ACHARA
ENUGU,,IGBOEZE NORTH,5,PETER ANYAOGU,1558,202,431,,,AMAJA UMUIDOBE
ENUGU,,IGBOEZE NORTH,5,CPS UMUAGAMA,546,202,432,,,UMUAGAMA  ONUAFOR-EKWURU-ORBA
ENUGU,,IGBO-EZE SOUTH,15,ENUKORO UGWUAJAFOR,2,246,433,,,OHUM UNADU UMUOYIJEREGWU
ENUGU,,IGBO-EZE SOUTH,15,OTOBO AMAHO,832,246,434,,,OVOKO AMAHO
ENUGU,,ISI-UZO,35,JAMES OKOROAFOR,630,181,435,,,EHA AGU OKOSISI-ISU
ENUGU,,NKANU EAST,105,ONUAGU AMAURURI PRI SCH,1060,212,436,,,IMAMA AMOFOR UGBAWKA AMAURURU
ENUGU,,NKANU EAST,105,NNAMANI NWAMBA,98,212,437,,,OWO AJA OGBO ASHISHI
ENUGU,,NKANU WEST,135,CHIEF OKORIE OGBODO,666,184,438,,,OGONOGOEJI AMORJI
ENUGU,,NSUKKA,55,AFOR MARKET,150,215,439,,,IBAGWA ANI-OHEBE
ENUGU,,NSUKKA,55,PROF NJOKU,1100,215,440,,,IHE N'OWERRE ODENIGWE
ENUGU,,NSUKKA,55,IHEAGU PRI SCH,2050,215,441,,,NRU IHEAGU
ENUGU,,OJI -RIVER,165,HILLARY IBE,1274,180,442,,,ISIKWE-ACHI ABOR  .
ENUGU,,OJI -RIVER,165,"ST. PETER CATH,CHURCH",140,180,443,,,UMUOGBUAGU UGWUOBA OGBUDU .
ENUGU,,UDENU,25,SIMEON ONAH,792,222,444,,,AJUONA ORBA-OBIGBO I
ENUGU,,UDI,85,NZE  LAWRENCE  UKWU,1206,188,445,,,ABOR DININOBE
ENUGU,,UDI,85,CENTRAL SCH.AKPAKWUME,120,188,446,,,AKPAKWUME-UMUOGBO
ENUGU,,UDI,85,DENIS  ILO,2292,188,447,,,NACH AMAGU
ENUGU,,UZO - UWANI,65,ADADA SEC. SCHOOL,496,321,448,,,NKPOLOGU- DINAMU
FCT ABUJA,,ABAJI,35,BASSA,156,341,449,,,"BASSA, SAPADA, WURO BAHAGO, AWAWA"
FCT ABUJA,,AMAC,15,BARUWA SHOP,3224,448,450,,,ALEYITA
FCT ABUJA,,AMAC,15,ZONE A MOSQUE,3428,448,451,,,APO
FCT ABUJA,,AMAC,15,ST.JAMES &ANG.CHURCH,3624,448,452,,,ASOKORO
FCT ABUJA,,AMAC,15,N . N . P . C . GEN HOUSE,2414,448,453,,,GARKI
FCT ABUJA,,AMAC,15,ALH.USMAN MAKAMA,4532,448,454,,,KARSHI
FCT ABUJA,,AMAC,15,GALADIMA OF KARU,4336,448,455,,,KARU
FCT ABUJA,,AMAC,15,AL-LHASSAN N/P. SCHOOL,1096,448,456,,,LIFE CAMP
FCT ABUJA,,AMAC,15,ILUOZE,1292,448,457,,,LIFE CAMP
FCT ABUJA,,AMAC,15,GABRIEL ELUMA,3026,448,458,,,LUGBE
FCT ABUJA,,AMAC,15,DOMINION CHAPEL INT'L,2830,448,459,,,LUGBE F . H . A .
FCT ABUJA,,AMAC,15,MABUSHI GUEST INN,1544,448,460,,,MABUSHI
FCT ABUJA,,AMAC,15,CHOPSTIC RESTAURANT,2216,448,461,,,MAITAMA
FCT ABUJA,,AMAC,15,BESIO PHARMACY LTD.,4140,448,462,,,NYANYAN
FCT ABUJA,,AMAC,15,CHIEF PALACE,54,448,463,,,SABURI
FCT ABUJA,,AMAC,15,COMMUNITY OF YEWEH,508,448,464,,,TASHA SABO
FCT ABUJA,,AMAC,15,MANGAL PLAZA,1824,448,465,,,WUSE
FCT ABUJA,,AMAC,15,MINISTRY OF DEFENCE QTRS,2020,448,466,,,WUSE
FCT ABUJA,,AMAC,15,JAMES K. NEJEYU,2610,448,467,,,WUYE
FCT ABUJA,,Bwari,5,REDEEMED CHRISTAIN CHURCH,152,351,468,,,BWARI
FCT ABUJA,,Bwari,5,PATRICK LAWRENCE AMEH,652,351,469,,,DUTSE MAKARANTA
FCT ABUJA,,Bwari,5,SCH. OF ISLAMIC STUDIES,904,351,470,,,KUBWA
FCT ABUJA,,Bwari,5,"TEAM  A, FLT 24 -38",1154,351,471,,,KUBWA
FCT ABUJA,,Bwari,5,CHERAPHIN & SARABIN CHURCH,402,351,472,,,MPAPE
FCT ABUJA,,GWAGWALADA,25,SEAT OF WISDOM NUR.PRY.,660,318,473,,,ANGWAN DODO
FCT ABUJA,,GWAGWALADA,25,CHIEF' APOSTOLIC CHURCH,384,318,474,,,KAIDA SABO
FCT ABUJA,,GWAGWALADA,25,SHABS HOUSE,938,318,475,,,KUTUNKU TSOHO
FCT ABUJA,,GWAGWALADA,25,CENTRAL MOSQUE,108,318,476,,,YIMI/MACHI-YADNA
FCT ABUJA,,KUJE,55,LEA PRY. SCH. BUZUMKURE,190,360,477,,,BUZUKURE
FCT ABUJA,,KUJE,55,LEA PRY SCHOOL,434,360,478,,,HUNGADE
FCT ABUJA,,KWALI,45,FARA GBAGYI,420,328,479,,,FARA GBAGYI
FCT ABUJA,,KWALI,45,JIYA BAZA,152,328,480,,,KWALI
GOMBE,,AKKO,45,Yusi Machido,330,305,481,,,BARUNDE
GOMBE,,AKKO,45,Yusi Machido,814,305,482,,,"GARIN JAURO KAWU, GARIN JAURO MOHAMMED, GARIN MUSA"
GOMBE,,AKKO,45,Yusi Machido,1784,305,483,,,KUMO
GOMBE,,AKKO,45,Yusi Machido,1298,305,484,,,TUMU
GOMBE,,BALANGA,75,Yusi Machido,70,225,485,,,Balansane
GOMBE,,BALANGA,75,Yusi Machido,1384,225,486,,,Kwarge Gilingi
GOMBE,,BALANGA,75,Yusi Machido,728,225,487,,,Swalu
GOMBE,,BILLIRI,95,Yusi Machido,674,272,488,,,BARE KENTENKERENG
GOMBE,,BILLIRI,95,Yusi Machido,1218,272,489,,,KOLOKWANIN
GOMBE,,BILLIRI,95,Yusi Machido,130,272,490,,,SOBULE
GOMBE,,DUKKU,5,Yusi Machido,866,255,491,,,Agana Salmanu
GOMBE,,DUKKU,5,Yusi Machido,1446,255,492,,,KUNI
GOMBE,,DUKKU,5,Yusi Machido,288,255,493,,,Zaune
GOMBE,,FUNAKAYE,25,Yusi Machido,484,209,494,,,JALINGO
GOMBE,,FUNAKAYE,25,Yusi Machido,1898,209,495,,,TOGON ARDO ADO
GOMBE,,FUNAKAYE,25,Yusi Machido,1190,209,496,,,WURO ARGUMA
GOMBE,,GOMBE,55,Yusi Machido,634,344,497,,,JEKADA FARI
GOMBE,,GOMBE,55,Yusi Machido,1494,344,498,,,MANAWACHI
GOMBE,,GOMBE,55,Yusi Machido,1064,344,499,,,NASARAWO
GOMBE,,GOMBE,55,Yusi Machido,204,344,500,,,SHAMAKI
GOMBE,,KALTUNGO,85,Yusi Machido,664,193,501,,,DWANG
GOMBE,,KALTUNGO,85,Yusi Machido,1430,193,502,,,WANGE
GOMBE,,KWAMI,35,Yusi Machido,544,191,503,,,DOKARI UNGUWAN TAFIDA
GOMBE,,KWAMI,35,Yusi Machido,1318,191,504,,,ZONGOMA KYARI
GOMBE,,NAFADA(BAJOGA),15,Yusi Machido,516,310,505,,,Garin Jauro Musa
GOMBE,,NAFADA(BAJOGA),15,Yusi Machido,38,310,506,,,Jigawa
GOMBE,,SHOGOM,105,Yusi Machido,552,318,507,,,GOMLE ZAKARIA
GOMBE,,SHOGOM,105,Yusi Machido,86,318,508,,,KALBULAK
GOMBE,,YAMALTU/DEBA,65,Yusi Machido,2180,213,509,,,HAYIN MAIDO
GOMBE,,YAMALTU/DEBA,65,Yusi Machido,792,213,510,,,HINNA
GOMBE,,YAMALTU/DEBA,65,Yusi Machido,98,213,511,,,SABON LIJI
GOMBE,,YAMALTU/DEBA,65,Yusi Machido,1486,213,512,,,TAFIDA DANNA
IMO,,ABOH MBAISE,205,CHIEF  JAMIKE  NJOKU,602,153,513,,,OKORI NGURU
IMO,,ABOH MBAISE,205,MR.LONGINUS AMADI,2206,153,514,,,UMUKOHIE UVURU
IMO,,AHIAZU-MBAISE,195,NZE EKE S.O,1242,155,515,,,UMUOKORO
IMO,,EHIME MBANO,155,UMUEZEAMA HALL,572,168,516,,,IBENKWO-UMUNUMO
IMO,,EZINIHITTE MBAISE,185,ODOEMENA SIMON,1850,176,517,,,ELUMA-UMUEZE
IMO,,EZINIHITTE MBAISE,185,ST. MATHEW’S CATH CHRCHU,456,176,518,,,UMUAWADA
IMO,,IDEATO NORTH,5,NNAJI JAMES,914,256,519,,,ELUAMA
IMO,,IDEATO SOUTH,35,JOSEPH AKPUNOLU,484,347,520,,,UMUAGOBE
IMO,,IHITTE/UBOMA,165,UMUDURUAGWU OIL FACTORY,410,229,521,,,ELUAMA
IMO,,IKEDURU,215,PRINCE E.ALARIBE,740,136,522,,,UMUEZE
IMO,,ISIALA-MBANO,145,CHIAGOZIE ONYEKA,232,200,523,,,AMANO
IMO,,ISIALA-MBANO,145,UGWUEGBU AMBROSE,1460,200,524,,,OSONIKE
IMO,,ISU,115,IHEBIE LIVINUS,506,280,525,,,ELUAMA-EBENATOR
IMO,,MBAITOLI,95,HOLYGHOST CATH CHURCH,1778,171,526,,,AWO MBIERI
IMO,,MBAITOLI,95,UMUNNEATO HEALTH CENTRE,342,171,527,,,UMUARO UMUNNEATOR OGWA
IMO,,NGOR-OKPALA,265,DURU MODESTUS OKERE,574,131,528,,,NGALI LOGARA
IMO,,NJABA,105,PATRICK IWU,1110,226,529,,,NDIUHU
IMO,,NJABA,105,COOPER E OKEGBE,24,226,530,,,OKPONAKUMA
IMO,,NWANGELE,135,SCHOOL OF NURSING AMAIGBO,200,245,531,,,ELUOWERE
IMO,,OBOWO,175,CHERUBIM &SARAPHIM,208,186,532,,,AMARAMOHIA-OKWUOHIA
IMO,,OGUTA,85,SUNDAY ADILAUBA,146,342,533,,,UBOKWUM
IMO,,OHAJI/EGBEMA,255,CHRIST  FAITH CHURCH,48,224,534,,,ABACHEKE
IMO,,OHAJI/EGBEMA,255,OKWUNWA MAGNUS,1144,224,535,,,UMUOLOO UMUOKANNE
IMO,,OKIGWE,15,ASSEMBLIES OF GOD,530,257,536,,,UBAHA OKIGWE TOWN
IMO,,ONUIMO,25,FIDELIS OJUEKE,340,343,537,,,DIAKUMA
IMO,,ORLU,45,ST. JOSEPH CATHOLIC CHURCH AMAOJI,630,259,538,,,AMAOJI UZOUBI
IMO,,ORSU,55,HYCIENT OBIAGWU,422,292,539,,,OHUKABIA OKWUFURUAKU
IMO,,ORU EAST,65,H.R.H EZE NNANNA IGBODEKWE,594,216,540,,,UMUECHETA AMIRI ISU
IMO,,ORU WEST,75,INNOCENT MBAJINIJU,512,293,541,,,UMUKWA OZARA
IMO,,OWERRI MUNICIPAL,235,10 OGUGUA ST,980,167,542,,,OWERRI
IMO,,OWERRI NORTH,225,CHIEF HERBERT CHIKWE,834,190,543,,,UMUAKALIUKWU EMEKUKU
IMO,,OWERRI WEST,245,BENSON OBILOR,436,115,544,,,OBIOKWU AMAKOHIA UBI
JIGAWA,,Auyo,165,Mummuni Likana,16,194,545,,,Shingen Yamma
JIGAWA,,BABURA,45,Magaji Ibrahim,46,248,546,,,Babura
JIGAWA,,BABURA,45,Malam Abdu Likita,1150,248,547,,,Takwasa
JIGAWA,,BIRNIN KUDU,245,Malam  Rabi  'u,530,250,548,,,Gambara Gabas
JIGAWA,,BIRNIN KUDU,245,Maiunguwa Inusa,1636,250,549,,,Kwankeyal
JIGAWA,,BIRNINWA,125,Mai Gari Mama,372,128,550,,,Kandili Wuriwa
JIGAWA,,BUJI,255,MAIUNGUWA UBALE,126,283,551,,,JAJI KOLI
JIGAWA,,DUTSE,235,MALAM DAJJO,454,250,552,,,DADIN KOWA
JIGAWA,,DUTSE,235,SAMA'ILA MOHAMMED,1544,250,553,,,TAGO
JIGAWA,,GAGARAWA,85,Halilu M. Ya'u,578,274,554,,,Yalawa
JIGAWA,,GARKI,55,Tsudarai Gabas,1476,181,555,,,Masare
JIGAWA,,GURI,135,Sabon Titi Bakin Kasuwa,154,157,556,,,Adiyani
JIGAWA,,GWARAM,265,Birnin kudu House,1408,255,557,,,Basirka
JIGAWA,,GWARAM,265,mai ung. Fujlani dugula,276,255,558,,,sara fulani dugula
JIGAWA,,GWIWA,15,Alhaji Umaru,392,185,559,,,Karshi
JIGAWA,,HADEJIA,155,Mallam Mai Tsamiya,444,195,560,,,HADEIJA
JIGAWA,,JAHUN,215,KADIRAWA,1744,243,561,,,GARADO  (    GAIDA  )
JIGAWA,,JAHUN,215,ALHAJI  NAMALI,618,243,562,,,JAHUN
JIGAWA,,KAFIN-HAUSA,175,ADAMU DANYA,2924,175,563,,,DUMA DUMIN KYAURE
JIGAWA,,KAFIN-HAUSA,175,KANZAWA ALH. MUSA,1352,175,564,,,JAMA'AR GABAS
JIGAWA,,KAUGAMA,105,Mai Ung. Isah,1428,174,565,,,Yellaman Tijjanai
JIGAWA,,KAZAURE,35,Mallam Umaru Magama,1152,228,566,,,Kazaure
JIGAWA,,KIRIKASAMMA,145,Adamu Boka,1034,209,567,,,Ganji
JIGAWA,,KIYAWA,225,Sabon Garin Dan Mallam,390,256,568,,,Sabon Garin Dan Mallam
JIGAWA,,MAIGATARI,95,Dukawa,1412,213,569,,,Daudari
JIGAWA,,MAIGATARI,95,Alh Ado Mai Yadi,124,213,570,,,Maigatari
JIGAWA,,MALLAM MADORI,115,Yusha'u Usaini,848,257,571,,,Kargon Shayya
JIGAWA,,MIGA,185,Na Alhaji Ibrahim,726,221,572,,,Zareku-kekuwa
JIGAWA,,RINGIM,205,MUAZU NA INUWA,920,192,573,,,GIDAN SANI
JIGAWA,,RONI,5,GARBA MALAM,438,148,574,,,AMARYAWA
JIGAWA,,SULE TANKAR-KAR,65,Sule Sale,1184,154,575,,,Garin Gamji
JIGAWA,,TAURA,195,M. Muhd Baban Bebe,1038,179,576,,,Sabon Garin Yaya
KADUNA,,BIRNIN-GWARI,5,MAI UNG HUSSAINI,1016,190,577,,,DOGON DAWA
KADUNA,,CHIKUN,125,WAKILI MAIBOKOLO,278,207,578,,,KASAYA
KADUNA,,CHIKUN,125,ZAKKA MAI YAKI,2124,207,579,,,UNGUWAR BORO
KADUNA,,GIWA,15,SABI'U ALLARAMA,226,338,580,,,GIWA
KADUNA,,GIWA,15,MAL. SAMINU GARBA,1356,338,581,,,KIDANDAN
KADUNA,,IGABI,95,UNG IBRAHIM,980,260,582,,,BIRNIN YERO
KADUNA,,IGABI,95,WAKILIN NUPAWA,2450,260,583,,,RIGASA
KADUNA,,IKARA,55,TASHAN NAMAMA,474,330,584,,,KURMIN KOGI
KADUNA,,JABA,195,INNOCENT KYAKYAWA,736,203,585,,,CHORI
KADUNA,,JEMA 'A,205,LGEA PRIMARY SCHOOL NISAMA,898,245,586,,,NISAMA
KADUNA,,KACHIA,175,LEA PRIMARY SCHOOL,1738,246,587,,,KURMIN GWAZA
KADUNA,,KACHIA,175,CHCIROMA MAISAJE,186,246,588,,,RIJANA
KADUNA,,KADUNA NORTH,105,ALH JUMARE,864,353,589,,,BADARAWA
KADUNA,,KADUNA NORTH,105,D 1 IBADAN ST BY KABBA RD,1948,353,590,,,DOKA
KADUNA,,KADUNA SOUTH,115,ALH ABUBAKAR MAI AKU,2012,359,591,,,KAKURI
KADUNA,,KADUNA SOUTH,115,ALH YERO TELLA,948,359,592,,,TUDUN NUPAWA
KADUNA,,KAGARKO,185,DOGARI YARI,1448,206,593,,,KURATAM
KADUNA,,KAJURU,135,YUGUDA GAJERE,710,286,594,,,BAUDA
KADUNA,,KAURU,145,IBRAHIM KAJA,1414,282,595,,,KITAKUM
KADUNA,,KAURU,145,ABUBAKAR UMARU,58,282,596,,,SABON LAYI
KADUNA,,KUBAU,65,MAI UNGUWA  IBRAHIM,1160,292,597,,,KULI
KADUNA,,KUDAN,35,ALHAJI TAMBAIYA,428,372,598,,,HUNKUYI
KADUNA,,LERE,155,JUMA'AT MOSQUE,598,440,599,,,FEDERE
KADUNA,,LERE,155,MAI UNG. DANJAJI,1468,440,600,,,KARAMBANA
KADUNA,,SABON-GARI,25,UMARU SULIEMAN F2 & 4,140,393,601,,,JEMA A
KADUNA,,SABON-GARI,25,ALHAJI MAJE,1112,393,602,,,MARMARA
KADUNA,,SANGA,225,DAKACI YAKUBU SHAIBU,898,264,603,,,GWANTU
KADUNA,,SOBA,75,RILWANU ALHASSAN,1000,316,604,,,KWARE
KADUNA,,ZANGON-KATAF,165,ELISHA JACOB,1944,256,605,,,BONKWA
KADUNA,,ZANGON-KATAF,165,ADAMU AKAU,450,256,606,,,SABON KAURA KIGUDU
KADUNA,,ZARIA,85,DR OLAOMONIWA (FCE),656,370,607,,,TUDUN WADA
KADUNA,,ZARIA,85,ALAPTA,1690,370,608,,,ZARIA CITY
KANO,,ALBASU,395,SITTIKA KOFAR KUDU,796,297,609,,,HUNGU
KANO,,BEBEJI,325,NAMADI BEBEJI,428,298,610,,,NASS/KOFA SADAWA YAMMA
KANO,,BICHI,65,ISAH DAGE,1206,274,611,,,MUNTSIRA
KANO,,DALA,135,ALH. AMADU SUFI,54,235,612,,,KOFAR MAZUGAL
KANO,,DALA,135,ADAM BULAMA ALIYU,2554,235,613,,,KURNA ASABE A
KANO,,DAMBATTA,25,SARKIN BAN KANO,1264,278,614,,,UNG. SANGO
KANO,,DAWAKIN-TOFA,55,YAMU-YAMU,264,258,615,,,GWAMAI C/GARI
KANO,,DOGUWA,435,MAI UNG AMADU,450,363,616,,,DOKAR MAKERA
KANO,,GABASAWA,35,SALE HALLADU,214,232,617,,,MALLAWA MIKIYA
KANO,,GARKO,385,MAL. UNG AUWALU,934,231,618,,,UNGUWAR BUSAI
KANO,,GAYA,225,ZANGINA ADAMU,910,265,619,,,WUDILAWA (KURNA)
KANO,,GEZAWA,195,DAN RAHAMA,1552,267,620,,,DANZAKI
KANO,,GWALE,125,ALH IDRIS,1696,257,621,,,DORAYI/K C/GARI
KANO,,GWARZO,285,AMADU ALI,1146,269,622,,,KARKARIN DAKWARA
KANO,,KANO MUNICIPAL,165,MAL. MUAZU DANSA,664,332,623,,,HAUSAWA
KANO,,KARAYE,295,MAL . ALIYU AHMAD,258,265,624,,,UNG. SARKI
KANO,,KIRU,315,MAL. NUHU,226,401,625,,,GALADIMAWA-TURAKI
KANO,,KUMBOTSO,185,ALH. JIBRIL,880,163,626,,,DOTSA UMARAWA
KANO,,KUNCHI,5,MAI UNGUWA GARBA,830,170,627,,,RIGANA
KANO,,MADOBI,255,HAYIN KOGI,758,293,628,,,KUBARCHI
KANO,,MINJIBIR,45,SAMBAWA,306,310,629,,,SANBAWA
KANO,,NASARAWA,155,SHARIF AHALAN,914,266,630,,,KAWO
KANO,,NASARAWA,155,ALH SALE DAN TREDA,3112,266,631,,,GWAGWARWA
KANO,,RANO,365,RIGAR ILU,928,244,632,,,YAMA
KANO,,ROGO,305,MASALLACIN JUMAA,1064,288,633,,,HAGO SABON LAYI
KANO,,SUMAILA,415,MADAKI GOJE,722,225,634,,,BAYAN DUTSE GANI
KANO,,TAKAI,405,ALH UBA GUDIYA,1140,219,635,,,FARURUWA
KANO,,TARAUNI,175,ALH. BAWA,2048,208,636,,,GYADI-GYADI
KANO,,TUDUN WADA,425,ISYAKU JIKA,240,259,637,,,TUDU WADA CIKIN GARI
KANO,,UNGOGO,115,POLICE STATION ZANGO,656,293,638,,,ZANGON RIMI
KANO,,WARAWA,205,YAKUBU NA ZARA,230,215,639,,,LUTAU- JIGAWA
KANO,,WUDIL,235,SABO GAYA,1312,284,640,,,LAJAWA-GARU FULANI
KATSINA,,BAKORI,285,MUSA MAI TEBUR,572,176,641,,,BAKORI
KATSINA,,BATAGARAWA,115,LIMAN SHU'AIBU,892,184,642,,,DABAIBAYAWA
KATSINA,,BATSARI,105,ABBA GALADIMA,866,172,643,,,RUMA
KATSINA,,BAURE,5,M. SALISU KARDI,526,182,644,,,UNG. FARI
KATSINA,,BINDAWA,165,MAIUNGUWA HARUNA,300,174,645,,,YAN TURAKI
KATSINA,,CHARANCHI,175,MAL. LAWAL BARDE,666,170,646,,,CHARANCHI
KATSINA,,DAN MUSA,235,MAIGEZOJI,1280,158,647,,,MAI GEZOJI
KATSINA,,DANJA,335,MAL. DA GAUTA,156,151,648,,,LAYIN MAHAUTA
KATSINA,,DAURA,45,MERCURY HOSTEL (MALE),862,186,649,,,TUDUN WADA
KATSINA,,DUTSI,35,PRINCIPAL G.G.S.S.,354,208,650,,,S/G SIRIKA
KATSINA,,DUTSIN MA,205,LIMAN IBRAHIM,1350,144,651,,,KWANTAMAWA
KATSINA,,FASKARI,295,CENTRAL MOSQUE,1264,172,652,,,UNG MAI SANGO
KATSINA,,FUNTUA,325,SADI NA YALWA,1112,173,653,,,MASKA
KATSINA,,INGAWA,145,MUH'D TUKUR,580,179,654,,,DADDOJI
KATSINA,,JIBIA,95,SALE KWADDO,916,139,655,,,JIBIA
KATSINA,,KAFUR,275,MAI UNG. ABDU,810,192,656,,,TAKAWA
KATSINA,,KAITA,75,MAL. SALE MAKERI,606,163,657,,,DANKABA
KATSINA,,KANKARA,245,LAWAL JIKAN AJA,524,182,658,,,MASAURARI
KATSINA,,KANKARA,245,ALH DAN AZUMI ABUBAKAR,2518,182,659,,,KANKARA
KATSINA,,KATSINA,85,SHEHI M. SANI,184,174,660,,,KOFAR SAURI
KATSINA,,KATSINA,85,SANUSI MAI KWANONI,2268,174,661,,,MASANAWA
KATSINA,,KURFI,185,KABIR GEHE,818,149,662,,,KURFI
KATSINA,,MAIADUA,55,M/GARI YUSI,300,182,663,,,SAITAWA MALAMAI
KATSINA,,MALUMFASHI,265,M/UNG MUSA,88,152,664,,,UNG AYA
KATSINA,,MANI,135,MAHAUTA /MAKERA,54,185,665,,,KURUNGA FAGE
KATSINA,,MASHI,65,MAI UNG. LAWAL,106,181,666,,,WAKILI GARI
KATSINA,,MATAZU,225,ILIYASU MAI UNG.,210,185,667,,,SALIHAWA MARUJI
KATSINA,,MUSAWA,255,BAIBO DAN BAFFA,950,183,668,,,UNGUWAR A GULU
KATSINA,,RIMI,125,IBRAHIM ISUHU,1202,164,669,,,KUSADA
KATSINA,,SABUWA,305,ALH MAGAJI,1414,178,670,,,SABUWA
KATSINA,,SAFANA,195,JUMA'AT MOSQUE,1714,194,671,,,KUNAMAWA(YAR GANDAU)
KATSINA,,ZANGO,15,MALAM DAN UMMA,276,182,672,,,KANDA
KEBBI,,ALEIRO,55,HIS.EXCE.ALH.ADMU.ALEIRO,104,255,673,,,ALEIRO
KEBBI,,AREWA-DANDI,5,GARBA TELA,510,188,674,,,YELDU
KEBBI,,AREWA-DANDI,5,GINIBIYA  MARIYA,1594,188,675,,,KANGIWA
KEBBI,,ARGUNGU,25,MOHAMMADU  HAKIMI,598,207,676,,,ARGUNGU
KEBBI,,ARGUNGU,25,SALIHU  HASSAN,1582,207,677,,,UNGUWAR MALAM HASSAN
KEBBI,,AUGIE,15,Garba Anakallahu,658,198,678,,,Kawari
KEBBI,,BAGUDO,125,LIMAN SAIDU,402,244,679,,,TUNGAR ISIYAKU
KEBBI,,BAGUDO,125,WAKILI A. BUBA,1214,244,680,,,GANTEN FADAMA
KEBBI,,BIRNIN KEBBI,45,ALIYU HALIFA,178,186,681,,,UNGUWAR DOGO
KEBBI,,BIRNIN KEBBI,45,MAGISTRATE COURT,1272,186,682,,,AMBURSA
KEBBI,,BIRNIN KEBBI,45,TAMBARI GACHI,2368,186,683,,,BIRNIN KEBBI
KEBBI,,BUNZA,95,ALIYU SHOE SHINNER,558,191,684,,,BALU
KEBBI,,DANDI,115,MUHAMMAD SAMNAN GARI,290,218,685,,,KYANGAKWAI
KEBBI,,DANDI,115,TUNGAR NOMA,1224,218,686,,,KURYA
KEBBI,,FAKAI,175,MATUNDA SHEKARE,1024,177,687,,,R/MAGAJI BUDA
KEBBI,,GWANDU,35,BELLO  ABUBAKAR,786,180,688,,,MARUDA
KEBBI,,JEGA,65,DUMBEGU   DISPENSARY,172,247,689,,,DUMBEGU
KEBBI,,JEGA,65,MALAM  YUSUF,996,247,690,,,JEGA
KEBBI,,KALGO,85,LIMAN BAWA,216,251,691,,,ZUGURU
KEBBI,,KOKO/BESSE,135,LIMAN ABDULLAHI,288,304,692,,,KOKO SABON GARI
KEBBI,,KOKO/BESSE,135,ADOSA,958,304,693,,,ADOSA
KEBBI,,MAIYAMA,75,ALH ILLO DAN KARAYE,776,238,694,,,KAMBA
KEBBI,,NGASKI,155,UNG.  HAKIMI  LAKA,196,209,695,,,UNG.  HAKIMI   LAKA
KEBBI,,NGASKI,155,MAL. IDRISU  MAL.  GUNGU,962,209,696,,,BAKARI
KEBBI,,SHANGA,165,NOMA SHEHU,66,193,697,,,TUNGAR NOMA S.
KEBBI,,SHANGA,165,BISALA NOMA SAMADUBI,1122,193,698,,,SAMADUBI
KEBBI,,SURU,105,MOHAMMADU DANGI,998,166,699,,,GOBIRAJE
KEBBI,,WASAGU/DANKO,195,TUNGAR MARAFA ISAH,576,124,700,,,TUNGAR MARAFA ISAH
KEBBI,,WASAGU/DANKO,195,ALHAJI GARBA,2214,124,701,,,BIKI
KEBBI,,WASAGU/DANKO,195,PRIMARY SCHOOL,3852,124,702,,,BENA
KEBBI,,YAURI,145,MUSA LADAN,528,287,703,,,GUNGUN SARKI
KEBBI,,ZURU,185,HAJIYA AMINA,914,168,704,,,RIKOTO
KOGI,,ADAVI,85,ISMAILA MOMOH,1086,214,705,,,NAGAZI
KOGI,,ADAVI,505,PETER DAUDU,204,214,706,,,ZANGO-DAJI 1
KOGI,,AJAOKUTA,95,COMM. CENTRAL MOSQ.,378,181,707,,,ADOGO
KOGI,,ANKPA,155,LGEA PRIM. SCH.,148,202,708,,,AGBENEBA
KOGI,,ANKPA,155,HARUNA ADEGBE,1174,202,709,,,EMABU
KOGI,,ANKPA,155,CENTRAL MOSQUE,2200,202,710,,,ENALE
KOGI,,BASSA,125,AGUMA IJEH,538,220,711,,,SHERIA
KOGI,,DEKINA,135,OMIKA ZEKERI,1514,167,712,,,ABOCHO ATE-AJA
KOGI,,DEKINA,135,OMEDE ADAMA,2756,167,713,,,AGALA-OGANE
KOGI,,DEKINA,135,JIBO YUSUF,274,167,714,,,AGBADA 1
KOGI,,IBAJI,205,U.E.C. CHURCH,564,257,715,,,ODOLU
KOGI,,IDAH,195,OJO  SAMUEL,406,240,716,,,IDAH
KOGI,,IGALAMELA-ODOLU,185,PHC CLINIC,702,207,717,,,OGBOGBO
KOGI,,IJUMU,35,OBAJEMU OSELEKE,350,164,718,,,AIYETORO-GBEDE
KOGI,,KABBA/BUNU,45,OYO II,132,207,719,,,AKUTUPA-KIRI
KOGI,,KABBA/BUNU,45,UNIQUE COLL. & ACCESS,1132,207,720,,,KABBA
KOGI,,KOGI,115,ALH. MUDI AHMED,696,218,721,,,KOTON-KARFE
KOGI,,LOKOJA,105,ALH. ZAKARI SHAIBU,686,188,722,,,JAMATA
KOGI,,LOKOJA,105,C.A.C. CHURCH,1788,188,723,,,LOKOJA TOWNSHIP
KOGI,,OFU,175,UEC CHURCH,1340,201,724,,,ERI
KOGI,,OFU,175,ABDULLAHI MUSA,310,201,725,,,OJUWO-OJOMACHI
KOGI,,OKEHI,55,FEMALE HOSTEL ABCDEFG,1518,282,726,,,EIKA-ADAGU
KOGI,,OKEHI,55,ST. PETER PR. SCHOOL,48,282,727,,,IKUEHI-IHIMA
KOGI,,OKEHI,55,LAWAL MOHAMMED,784,282,728,,,OBOROKE-IHIMA
KOGI,,OKENE,75,OZOKUBA OZASI,2302,262,729,,,AHACHE
KOGI,,OKENE,75,ALH. SHUAIBU MUSA,720,262,730,,,OKENE TOWNSHIP
KOGI,,OKENE,75,SADIKU OCHI,1510,262,731,,,OKENE TOWNSHIP
KOGI,,OLAMABORO,165,FRANK OKPE,812,195,732,,,OFORO
KOGI,,OMALA,145,AUDU IDUH,194,252,733,,,ECHA
KOGI,,YAGBA WEST,5,OLORUN OLUBUNMI,196,205,734,,,EGBE
KOGI,,YAGBA WEST,5,YW LGEA SCHOOL,1208,205,735,,,OMI
KOGI,,YAGBA/EAST,15,JIMOH  ASOERE,902,194,736,,,EJUKU
KWARA,,ASA,95,MUNIRA ABEJE,198,128,737,,,ALAPA
KWARA,,ASA,95,RIVER OF LIFE CHURCH,1352,128,738,,,SAPATI-ILE
KWARA,,BARUTEN,5,MALLAM  HASSAN  MERSONE,508,140,739,,,GURE
KWARA,,BARUTEN,5,S. KINOGI KABAOKE PALACE,2620,140,740,,,OLD KIYORU
KWARA,,BARUTEN,5,IBRAHIM BAMIDELE,1564,140,741,,,YANBEREKU
KWARA,,EDU,35,LAFIAGI SEC. SCHOOL,2778,143,742,,,LAFIAGI
KWARA,,EDU,35,IDRIS  NDAKO,1744,143,743,,,LEMA
KWARA,,EDU,35,TOMUS    LEGBO,710,143,744,,,MAWOKPAN
KWARA,,IFELODUN,55,CENTRAL   MOSQUE ADIO,194,171,745,,,ADIO
KWARA,,IFELODUN,55,GBENGA   ALABI,1060,171,746,,,OKE-OYAN
KWARA,,IFELODUN,55,ALHAJI  YUSUF   ALATA,1924,171,747,,,OMUPO
KWARA,,ILORIN EAST,75,ARAMANI,484,140,748,,,ATENGE
KWARA,,ILORIN EAST,75,ALH.ISSA MOHAMMED,1540,140,749,,,ILORIN
KWARA,,ILORIN EAST,75,ALHAJA  SIFAWU  ALFA-ESIN,2594,140,750,,,ILORIN
KWARA,,ILORIN SOUTH,65,CHERUBIM   & SERAPHIM,700,136,751,,,BASIN
KWARA,,ILORIN SOUTH,65,SANNI  ORI-OWO,1788,136,752,,,GAA AKANBI
KWARA,,ILORIN SOUTH,65,ALHAJA    SUEBAT,2874,136,753,,,ILORIN
KWARA,,ILORIN WEST,85,ALHAJI   ABDULWAHAB,1056,115,754,,,ILORIN
KWARA,,ILORIN WEST,85,ALHAJI  JUBRIL OLOLU,2342,115,755,,,ILORIN
KWARA,,ILORIN WEST,85,MALLAM   ABDULBAKI,3626,115,756,,,ILORIN
KWARA,,ILORIN WEST,85,ALHAJI  SAMBO  BABAAROMU,4912,115,757,,,ILORIN
KWARA,,ILORIN WEST,85,MR  BOLAJI   ATANDA,6196,115,758,,,JOORO
KWARA,,IREPODUN,125,IBRAHEEM  BABA  BAALE,768,167,759,,,AGBAMU
KWARA,,IREPODUN,125,OGBO  GRAMMAR  SCHOOL,1654,167,760,,,OMU-ARAN
KWARA,,KAIAMA,15,PAKOKO  OKEBARA,1164,135,761,,,BANI
KWARA,,KAIAMA,15,TUNGA  BIO  KANA  UMORU,70,135,762,,,KEMAJI
KWARA,,MORO,25,SULIMAN  MANNU,1360,151,763,,,BABA DUDU
KWARA,,MORO,25,OKOKO  (MUSA AKANJI),380,151,764,,,LANWA
KWARA,,OFFA,115,ALHAJI   RAJI   ADEYI,592,230,765,,,OFFA
KWARA,,OKE-ERO,145,PA   JAMES  ADEKUNLE,514,206,766,,,EKAN-NLA
KWARA,,OYUN,105,YUSUF MUSULUMI SANNI,716,195,767,,,IGOSUN
KWARA,,PATIGI,45,EMI-SHAABA SABA,706,140,768,,,PATIGI
LAGOS,,AGEGE,45,Kolawole Street / Kolawole Close,930,499,769,,,Papa Ashafa
LAGOS,,AJEROMI IFELODUN,105,"22, Agbamu Street",300,368,770,,,Alaba - Oro
LAGOS,,AJEROMI IFELODUN,105,Christ Apostolic Church,1850,368,771,,,Awodi-Ora
LAGOS,,AJEROMI IFELODUN,105,Akinbo Street 3,3408,368,772,,,Tolu
LAGOS,,ALIMOSHO,35,"7, Church Street",1294,344,773,,,Abule-Egba
LAGOS,,ALIMOSHO,35,"1,Bolaji Str. (Chairman CDA'S House)",6272,344,774,,,Akesan
LAGOS,,ALIMOSHO,35,Sound Hope,2950,344,775,,,Ipaja
LAGOS,,ALIMOSHO,35,Oladun/Yomi Shotimehin,4608,344,776,,,Isheri Olofin
LAGOS,,AMUWO ODOFIN,25,"721 Road, D Close",266,312,777,,,Festac
LAGOS,,AMUWO ODOFIN,25,IyagbeTown(Mr. yinusa jinaidu house),2098,312,778,,,Imore
LAGOS,,BADAGRY,5,Lales House,412,285,779,,,Iworo
LAGOS,,EPE,195,Kasali Oluwo II,622,342,780,,,Popo Oba
LAGOS,,ETI OSA,175,Kusoru Compound,1528,273,781,,,Ogombo
LAGOS,,IFAKO IJAYE,55,Aina Ajobo Street,2560,296,782,,,Ifako
LAGOS,,IFAKO IJAYE,55,Abiok Street,628,296,783,,,Ijaiye Ojokoro
LAGOS,,IKEJA,65,Joseph/Odunuga street,1262,372,784,,,Opebi
LAGOS,,IKORODU,165,Orere Abosan Estate,3610,272,785,,,Igbogbo
LAGOS,,IKORODU,165,Ijo Alasalatu,1502,272,786,,,Owutu
LAGOS,,KOSOFE,155,Esteport Ave,2410,446,787,,,Gbagada
LAGOS,,KOSOFE,155,"Block H, 208 Ajelogo Market",1098,446,788,,,Mile 12
LAGOS,,LAGOS ISLAND,125,"2, Esubi street",602,435,789,,,Oke Popo
LAGOS,,LAGOS MAINLAND,135,"2, Olaogun",1068,379,790,,,Abule-Nla
LAGOS,,MUSHIN,85,Victory Hospital,646,496,791,,,Ilasamaja
LAGOS,,MUSHIN,85,Shyllon / Adeshiyan 2,1798,496,792,,,Onipanu
LAGOS,,OJO,15,EZINIFE/ADEOLA/OLANREWAJU,660,290,793,,,Mebamu
LAGOS,,OJO,15,ALABA RAGO MARKET,2636,290,794,,,Okokomaiko
LAGOS,,OSHODI ISOLO,75,Apena  I,3402,370,795,,,Isolo
LAGOS,,OSHODI ISOLO,75,Olowoporoku,318,370,796,,,Mafoluku
LAGOS,,OSHODI ISOLO,75,Military House,1862,370,797,,,Okota
LAGOS,,SHOMOLU,145,Akeju Street II,1134,502,798,,,Shomolu
LAGOS,,SURULERE,95,58 - 36 Ilamoye Street,720,461,799,,,Ijeshatedo
LAGOS,,SURULERE,95,Muyiwa Opeleye / Ewubere Street,1964,461,800,,,Surulere
NASARAWA,,AKWANGA,35,THOMAS BAHAGOWO,152,280,801,,,MOCHU
NASARAWA,,AKWANGA,35,MOH'D   HAMZA,568,280,802,,,RINZE
NASARAWA,,AWE,75,KURMIN KWARA,270,193,803,,,KURMIN KWARA RUGAN BASSEY
NASARAWA,,AWE,75,ALHAJI SHITTU,876,193,804,,,SABON GARI AWE
NASARAWA,,DOMA,105,HALADU SADAUKI,398,149,805,,,DOMA
NASARAWA,,DOMA,105,JAMES AKPOUGHOIR,1182,149,806,,,SABO
NASARAWA,,KARU,5,CHRIST APOSTOLIC CHURCH,660,200,807,,,ANG. KWANO
NASARAWA,,KARU,5,GODWIN ODEKINA,1244,200,808,,,KUCHIKAU
NASARAWA,,KARU,5,HIGH COURT,1830,200,809,,,MARARABA
NASARAWA,,KARU,5,ISAH MAGAJI,76,200,810,,,UNG. HAUSAWA
NASARAWA,,KEANA,95,BALA AZHO,192,264,811,,,ANGWAN DOGO
NASARAWA,,KEFFI,15,JOHN KAGBU,8,449,812,,,KEFFI
NASARAWA,,KEFFI,15,GARBA TELLA,270,449,813,,,KEFFI
NASARAWA,,KOKONA,25,DIO MADAKI,276,190,814,,,ANG. TAKWA
NASARAWA,,KOKONA,25,FELIBUS OWUNA,892,190,815,,,IGWO
NASARAWA,,LAFIA,65,ALH. HAMIDU LADAN,1596,190,816,,,ADOGI
NASARAWA,,LAFIA,65,MAL. ISYAKA LIMAN,2212,190,817,,,AGABIJA
NASARAWA,,LAFIA,65,CLEMENT TSAKU,3442,190,818,,,AGYARAGU TASHA
NASARAWA,,LAFIA,65,RTD ILIYASU YAHAYA,364,190,819,,,AWUMA
NASARAWA,,LAFIA,65,JAFARU  GBADU,978,190,820,,,KAMPANI
NASARAWA,,LAFIA,65,ALH. YAU MAIGADO,2826,190,821,,,LAFIA
NASARAWA,,NASARAWA,115,BABA ANGULU,1922,179,822,,,KUTUTURE
NASARAWA,,NASARAWA,115,MAIKASUWA UMAR,614,179,823,,,MARMARA
NASARAWA,,NASARAWA,115,IKULONO EFU,1268,179,824,,,OKPENA
NASARAWA,,NASARAWA-EGGON,55,NUHU OKPU,462,186,825,,,ANG.UMARU EUGWO
NASARAWA,,NASARAWA-EGGON,55,KUTSA,1090,186,826,,,EKPON
NASARAWA,,OBI,85,HUSSAINI EGYBOLA,1314,195,827,,,AGWATASHI
NASARAWA,,OBI,85,BARNABAS MUSA KOANGWA,114,195,828,,,KPANGWA
NASARAWA,,OBI,85,YUSUF EGGA (AREN EGGON),714,195,829,,,RAFIN GORA
NASARAWA,,TOTO,125,GIDAN MAKERI/TUDU GABA,754,254,830,,,"GIDAN MAKERI, TUNDN GABA"
NASARAWA,,TOTO,125,MUSA AWOYA,294,254,831,,,YELWA
NASARAWA,,WAMBA,45,MADAKI INJI,304,233,832,,,ANG. MADAKI
NIGER,,AGAIE,195,Moh'd Ibrahim,1630,106,833,,,BOBOGI
NIGER,,BIDA,175,Mr. Jonathan,234,175,834,,,BIDA
NIGER,,BIDA,175,Mohd .T. Mohd,1646,175,835,,,BIDA
NIGER,,BORGU,15,BULAMA MOH'D,1312,125,836,,,KAMSHIBAWA-BULAMA
NIGER,,BOSSO,115,MUH'D GARBA,310,208,837,,,BEJI
NIGER,,CHANCHAGA,105,Ahmed Bala,50,310,838,,,LIMAWA
NIGER,,CHANCHAGA,105,Alh. Garba Bagobiri,850,310,839,,,MINNA
NIGER,,EDATI,155,MAFOGI CENTRAL MOSQUE,154,686,840,,,MAFOGI
NIGER,,GBAKO,165,DR. MUHAMMADU WACHIN GANA,200,165,841,,,WANCHIN GANA-WORO
NIGER,,GURARA,225,ISAH GIMBA,156,171,842,,,TUDUN-WADA
NIGER,,KATCHA,185,Mohd Yakongo,430,216,843,,,NINWOYE
NIGER,,KONTAGORA,55,MAMMA SARKIN BADUKE,380,257,844,,,UMMRA
NIGER,,LAPAI,205,LIMAN BADDEGI II,400,101,845,,,LAPAI
NIGER,,LAVUN,135,EMI-MAIGARI,342,157,846,,,DABANGI
NIGER,,LAVUN,135,BABA GARKUWA,1960,157,847,,,ETSU-ZAGI
NIGER,,MAGAMA,35,AWALI MAI PATA,606,211,848,,,SALKA
NIGER,,MARIGA,65,UNG. SAIDU GALADIMA,1750,148,849,,,BANGI
NIGER,,MARIGA,65,MUSA MA'AJI,80,148,850,,,MATARI-MAKERI
NIGER,,MASHEGU,25,MAI SAMAR,2632,134,851,,,MAI SAMARI-URO
NIGER,,MASHEGU,25,MUH'D TUKUR,788,134,852,,,TUNGAN- GERO-MAKERA
NIGER,,MOKWA,145,USMAN A MOH'D,794,217,853,,,KPAKIKO
NIGER,,MOKWA,145,ETSUYANKPA,1936,217,854,,,SUNLATI-KETA
NIGER,,MUNYA,95,Mathew Galadima,1364,132,855,,,Dandaudu
NIGER,,PAIKORO,215,Rugan Alh. Nagabo,1610,137,856,,,Sikiti
NIGER,,RAFI,75,Alh. Ali Gashiwa,950,160,857,,,Sabon-gari
NIGER,,RIJAU,45,GATAMA CHUHU BAUCHI,2178,126,858,,,GATAMA
NIGER,,RIJAU,45,ALH. KIDAWA,216,126,859,,,ILELA
NIGER,,SHIRORO,85,KASUNMI GONI,902,198,860,,,GURMANA
NIGER,,SHIRORO,85,Yewolawi Old Tulu,2150,198,861,,,She
NIGER,,SULEJA,235,G.A. DAN DUNIYA,878,220,862,,,Bagama
NIGER,,TAFA,245,JOHN TANYI,60,171,863,,,Garam
NIGER,,WUSHISHI,125,SAIDU LABARAN,612,146,864,,,"KALIKO-CHEJI,UNGWA-BAMAIYI, RUNTUWAN MUH""D FULANI, UNGWA ALKALI"
OGUN,,ABEOKUTA   SOUTH,35,MUYIBATU AKINTOLA'S HOUSE,656,321,865,,,AKE ABEOKUTA
OGUN,,ABEOKUTA   SOUTH,35,MR. ODUWOLE,1386,321,866,,,IBARA ABEOKUTA
OGUN,,ABEOKUTA  NORTH,25,OKEGBENRO HOUSE,550,325,867,,,GBAGURA ABEOKUTA
OGUN,,ADO-ODO/OTA,95,GLANCE FILLING STATION,3582,234,868,,,ADO - ODO
OGUN,,ADO-ODO/OTA,95,BAALE IDOWU HOUSE,48,234,869,,,IJU OTA
OGUN,,ADO-ODO/OTA,95,WINSOME INT COLLEGE,1036,234,870,,,IROKO
OGUN,,ADO-ODO/OTA,95,MOROKETE,2956,234,871,,,JAMPERI DUROJAYE
OGUN,,ADO-ODO/OTA,95,KERLIN PRODUCTS,2038,234,872,,,SANGO-OTA
OGUN,,EGBADO  NORTH,15,OKE IMALE (AKERUN),936,393,873,,,"ABE-AGBON, AREGBEDE-ARAROMI, IYA-LOSA, OKE IMALE (AKERUN),"
OGUN,,EGBADO  NORTH,15,ADEOLU MATHEW,340,393,874,,,ILE - IJOUN
OGUN,,EGBADO  SOUTH,75,CHARITY NUR/PRY SCHOOL,798,295,875,,,OWODE
OGUN,,IFO,105,DOSUNMU'S HOUSE,1596,288,876,,,AGBADO STATION
OGUN,,IFO,105,ST. MARY CATHOLIC CHURCH,76,288,877,,,IFO
OGUN,,IFO,105,C & S ORIOKE ANU AKUTE,3216,288,878,,,ISHASI
OGUN,,IFO,105,DOMINION N/P SCHOOL,782,288,879,,,ITOKI
OGUN,,IFO,105,ALASO ADURA OLADELE'S HOUSE,2402,288,880,,,OLAMBE
OGUN,,IJEBU EAST,185,FIRST BAPTIST CHURCH,412,174,881,,,IJEBU-IFE
OGUN,,IJEBU NORTH,145,YISAU OGUNSANYA,1934,168,882,,,AGO IWOYE
OGUN,,IJEBU NORTH,145,SOPEN COMP. HIGH SCHOOL,538,168,883,,,IJEBU IGBO
OGUN,,IJEBU NORTH EAST,175,NCO'S QUARTERS BLK (26-50),172,223,884,,,ILESE
OGUN,,IJEBU ODE,165,AWERE'S HOUSE,540,251,885,,,IJEBU ODE
OGUN,,IKENNE,125,ENIAFE AGBATO,114,490,886,,,OGERE
OGUN,,IMEKO-AFON,5,IGBO EGUN VILLAGE,138,379,887,,,"BABA OHORI KUDORO, GAA JIMOH -MOHAMMED, OHORI , OHORI (LADERUN) CELE, IGBO EGUN,"
OGUN,,IPOKIA,85,SAANU OLAWALE,388,311,888,,,IDI IROKO
OGUN,,OBAFEMI- OWODE,55,ADEYEMI BOLAJOKO,214,256,889,,,ADIGBE
OGUN,,OBAFEMI- OWODE,55,ALATISE BAKERY,1130,256,890,,,OFADA
OGUN,,ODEDA,45,OLUWO ORORO AKINTUNDE,162,327,891,,,"OLUWO ORORO AKINTUNDE, GAA IWOFIN, GAA OLUWO VILLAGE, LERIN VILLAGE,"
OGUN,,ODOGBOLU,155,CHIEF SARUMI ADINNI,232,238,892,,,ODOLOWU IJEBU
OGUN,,OGUN  WATERSIDE,195,OBA'S PALACE,168,197,893,,,ILUSIN
OGUN,,SAGAMU,115,SALEM CHURCH OF CHRIST ALADURA,1074,229,894,,,IJOKUN SAGAMU
OGUN,,SAGAMU,115,ETHIOPE SENIOR HOUSE,50,229,895,,,ILAYE SAGAMU
OGUN,,SAGAMU,115,AGBOMOGE BLOCK INDUSTRY,1856,229,896,,,OGIJO
ONDO,,AKOKO NORTH EAST,15,LAMIDI YUSUF,748,265,897,,,IKARE-AKOKO
ONDO,,AKOKO NORTH WEST,5,TIJANI BALOGUN,184,305,898,,,KAJOLA IMOLEJI CAMP
ONDO,,AKOKO NORTH WEST,5,CHRIST CHILDREN SCH.,894,305,899,,,ARIGIDI
ONDO,,AKOKO SOUTH EAST,25,CHRIST APOSTOLIC CHURCH.,232,282,900,,,ISUA AKOKO
ONDO,,AKOKO SOUTH WEST,35,HAMADIYA CENTAL  MOSQUE,402,292,901,,,AKUNGBA
ONDO,,AKOKO SOUTH WEST,35,FEDE INN,1142,292,902,,,IWARO OKA
ONDO,,AKURE NORTH,65,FALADE CAMP(AJAGUNLE 2),484,191,903,,,AJEGUNLE CAMP 11
ONDO,,AKURE SOUTH,75,ETON CLINIC,320,147,904,,,AKURE
ONDO,,AKURE SOUTH,75,ALHPA N/P SCH.,1792,147,905,,,AKURE
ONDO,,AKURE SOUTH,75,GAGA COMMUNITY PRY SCH,3264,147,906,,,AKURE
ONDO,,AKURE SOUTH,75,KAJOLA CAMP 1,4736,147,907,,,KAJOLA CAMP I
ONDO,,ESE ODO,165,LOT OKAMINIHWEI,1314,146,908,,,AKAMINIWEI GBINI
ONDO,,IDANRE,125,C.A.C. OKE AANU,630,144,909,,,ODODE IDANRE
ONDO,,IFEDORE,85,OKE UGELE ANAYO,144,331,910,,,IGBARA-OKE
ONDO,,IFEDORE,85,BABA  ODA,796,331,911,,,IJARE
ONDO,,ILAJE,175,ORISAMAKIN EMILOLA,1124,113,912,,,AJEGUNLE ENUAMA
ONDO,,ILAJE,175,ENITAN EBIESUA,3038,113,913,,,OLOTU YARA
ONDO,,ILAJE,175,IYA OKE OLASETEMINIKAN,4952,113,914,,,UBALE-NLA
ONDO,,ILE OLUJI/OKEIGBO,95,CHIEF ISAIAH ORUNBATO,812,245,915,,,BAMIKEMO SCHOOL
ONDO,,IRELE,155,CHIEF AROWOJOLU,494,145,916,,,AJAGBA
ONDO,,IRELE,155,LIYANSAN GBELEJU,1986,145,917,,,"MOLUTEAN LUMEKO, ADUWO, LIYANSAN GBELEJU, AKINSELOYIN, JACOB GBELEJU, JOHN GBELEJU, GBELEJU MOSES, SEYI DARA GBELEJU"
ONDO,,ODIGBO,135,TIAMIYU AJAYI,1090,198,918,,,IGBEKOYI CAMP
ONDO,,ODIGBO,135,BEST EDUC. N/P SCHL.,2182,198,919,,,ABA IBADAN
ONDO,,OKITIPUPA,145,MR OLUWOLE OWATE,938,195,920,,,LUWOYE (LADAN)
ONDO,,OKITIPUPA,145,YEKINI AYENIFUJA,2050,195,921,,,IDEPE OKITIPUPA
ONDO,,ONDO EAST,115,JACOB AGBO,1138,130,922,,,JACOB AGBO/ADEDUGBA
ONDO,,ONDO WEST,105,CH. ADEGBOTOLU JULIUS,1504,141,923,,,ONDO
ONDO,,ONDO WEST,105,BOLUWAJI ADETINOYE,3038,141,924,,,IGUNSHIN
ONDO,,OSE,45,DAVID BALOGUN,310,213,925,,,OMI ORO CAMP
ONDO,,OSE,45,LAWRENCE AJAYI,1326,213,926,,,OWAJULAYE CAMP
ONDO,,OWO,55,ALH. YUSUF AHMED,1146,183,927,,,IJEBU OWO
ONDO,,OWO,55,OBANIGBA II,2334,183,928,,,OBANIGBA II & III
OSUN,,ATAKUMOSA EAST,285,JOHN OMIDINA,544,124,929,,,TEMIDIRE I
OSUN,,ATAKUMOSA WEST,145,POST OFFICE,876,147,930,,,IFEWARA
OSUN,,AYEDADE,245,BANKOLE YUSUF,1978,104,931,,,GBONGAN
OSUN,,AYEDIRE,215,LATTER GLORY CHURCH,1056,114,932,,,ILE OGBO
OSUN,,BORIPE,105,UNION BAPTIST CHURCH,274,146,933,,,IREE
OSUN,,BORIPE,105,ARO VILLAGE,1738,146,934,,,IRAGBIJI
OSUN,,EDE SOUTH,175,ALHAJA EMMIOLA,190,113,935,,,EDE
OSUN,,EGBEDORE,85,EBUNOLUWA INT'L SCHOOL,572,147,936,,,OFATEDO
OSUN,,EJIGBO,185,COMMUNITY PRY SCHOOL,1154,130,937,,,SONGBE
OSUN,,IFE CENTRAL,265,LABATA COMPOUND,690,142,938,,,ILE - IFE
OSUN,,IFE CENTRAL,265,T A C  AROJO VILLAGE,2194,142,939,,,ILE - IFE
OSUN,,IFE EAST,275,MOSES OMOTOSO,1704,112,940,,,AYE COKER
OSUN,,IFE NORTH,255,MR. SAMUEL OLANIYAN,198,144,941,,,EDUNABON
OSUN,,IFE NORTH,255,SOOKO,1680,144,942,,,"IGE, SOOKO, ADESINA"
OSUN,,IFE SOUTH,295,ADEFISAYO GABRIEL AWORELE,1254,119,943,,,AWORELE
OSUN,,IFELODUN,45,ODOFIN OGUNDARA,124,150,944,,,IBA
OSUN,,ILA,15,CHIEF OLOOYIN,248,161,945,,,ILA ORANGUN
OSUN,,ILESHA EAST,135,MRS BABALOLA,930,139,946,,,ILESA
OSUN,,ILESHA WEST,155,REV. DANIEL BABALOLA,888,148,947,,,ILESA
OSUN,,IREPODUN,65,MOSHOOD OLAWALE,1102,119,948,,,ILOBU
OSUN,,IREWOLE,225,MR IBRAHIM ADENIRAN,774,137,949,,,IKIRE
OSUN,,ISOKAN,235,BASORUN AYOPE,270,123,950,,,APOMU
OSUN,,IWO,205,CAC OKE IYANU,316,137,951,,,IWO
OSUN,,IWO,205,OLORI MOSQUE,1874,137,952,,,IWO
OSUN,,OBOKUN,115,JESUS ESTATE,680,128,953,,,ESA-OKE
OSUN,,ODO-OTIN,35,ALH SALIMAN KUDOMI,446,150,954,,,OKUKU
OSUN,,OLA OLUWA,195,MOSES ADEBAYO,156,101,955,,,AJAGUNLASE
OSUN,,OLORUNDA,55,BETHE SAIDA HOSPITAL,598,128,956,,,OSOGBO
OSUN,,ORIADE,125,ILESANMI OYEBODE,194,139,957,,,IJEBU JESA
OSUN,,ORIADE,125,ABI  LODGE,1730,139,958,,,IPETU IJESA
OSUN,,OROLU,75,"CHIEF IBRAHIM OYEYEMI          """,878,179,959,,,IFON-OSUN
OSUN,,OSOGBO,95,ALHAJI ARESA,1360,121,960,,,OSOGBO
OYO,,AKINYELE,235,ST PETER CHURCH,490,155,961,,,"OFODO, ALADA, AGBEDE-OKE, OLUNLOSIN,"
OYO,,ATIBA,75,OLADIPUPO LATEEF ABIOLA,16,143,962,,,OKE OROKI
OYO,,ATIGBO,55,AZEEZ TIJANI,92,171,963,,,TEDE
OYO,,EGBEDA,305,ELDER JOHNSON AROGUNDE,992,146,964,,,ALAKIA
OYO,,EGBEDA,305,KAYODE AKINTAYO,3380,146,965,,,WAKAJAYE
OYO,,IBADAN NORTH,255,ALHAQNUR SCH,1194,230,966,,,BASORUN
OYO,,IBADAN NORTH EAST,295,MR OLAPOJU OLAOYE,32,188,967,,,BASHORUN
OYO,,IBADAN NORTH EAST,295,REV D.K. OYEYEMI.S HOUSE,1888,188,968,,,ALAFARA-OJE
OYO,,IBADAN NORTH WEST,265,ST. ISABEL PRIVATE SCH,140,303,969,,,ELEYELE
OYO,,IBADAN SOUTH EAST,285,ALHAJI ALIMI,470,176,970,,,IDI-ARERE
OYO,,IBADAN SOUTH EAST,285,ADELEKE M,2450,176,971,,,ISALE BODE
OYO,,IBADAN SOUTH WEST,275,HONEYWELL FLOUR MILL,1006,246,972,,,MOLETE
OYO,,IBARAPA CENTRAL,195,GBAYE OGUNTADE,148,200,973,,,IDERE
OYO,,IBARAPA EAST,205,CENTRAL MOSQUE,632,273,974,,,ERUWA
OYO,,IDO,215,SHEHA AJIJOLA ANOBI,1036,83,975,,,APETE
OYO,,IREPO,5,BUDO TAFA,1768,128,976,,,BUDO TAFA
OYO,,ISEYIN,155,ALH RAFIU SHITTU,1628,204,977,,,ISEYIN TOWN
OYO,,ITESIWAJU,65,GAA ARIGIDANA I,878,192,978,,,GAA ARIGIDANA I
OYO,,KAJOLA,165,L A PRY SCHOOL.ILERO,210,267,979,,,ILERO
OYO,,LAGELU,245,LIFE APOSTOLIC CHURCH,26,129,980,,,AKOBO
OYO,,OGBOMOSHO NORTH,95,ILE ALAJIKI,278,204,981,,,OGBOMOSHO
OYO,,OGBOMOSHO SOUTH,115,ADUNNI SHOPPING COMPLX,44,190,982,,,IDI ORO
OYO,,OLORUNSOGO,15,HARUNA FULLANI,304,85,983,,,ABA OLODAN
OYO,,OLUYOLE,325,IMAM MUILI FOSUN,1350,157,984,,,OLOMI
OYO,,ONA- ARA,315,AKOROUNFAYO MOSQUE,820,188,985,,,OGBERE
OYO,,ONA- ARA,315,ALABATA,2676,188,986,,,"ERU OLA, ALABATA, IYIOLA,"
OYO,,ORI IRE,85,CHRIST APOSTOLIC CHURCH,344,326,987,,,OLORUNDA
OYO,,OYO EAST,135,TOTAL PETROLEUM,1000,162,988,,,OWODE
OYO,,OYO WEST,145,BADA LADINDIN,1564,168,989,,,BADA LADINDIN
OYO,,SAKI WEST,45,OBA KUDU ABIMBOLA,630,192,990,,,SAKI TOWN
OYO,,SAKI WEST,45,ADEROGBA,2446,192,991,,,BUDO ROGBA
OYO,,SURULERE,105,ALH. SULAIMON AKANMU,1474,185,992,,,ALAGBAA
PLATEAU,,BARKIN  LADI,55,Fulani Settlement Yow,528,139,993,,,Ban
PLATEAU,,BARKIN  LADI,55,Davou Pam,1972,139,994,,,Rakwop Rahwol Gwom
PLATEAU,,BASSA,5,LEA  prim. Sch. Dantanko,1044,302,995,,,Miango
PLATEAU,,BASSA,5,Yanshanu ECWA  Church,380,302,996,,,Saya
PLATEAU,,BOKKOS,75,Mutmang Clinic,442,308,997,,,Bokkos
PLATEAU,,BOKKOS,75,COCIN Siken,1090,308,998,,,Siken
PLATEAU,,JOS NORTH,15,Dan Masara Jos,694,291,999,,,Chwelnyap
PLATEAU,,JOS NORTH,15,Bassa Court,2760,291,1000,,,Jishe-Gesse - T/wada
PLATEAU,,JOS NORTH,15,William Sunday,1382,291,1001,,,Kabong
PLATEAU,,JOS NORTH,15,PHC NASS GWOMG,2072,291,1002,,,Nasarawa
PLATEAU,,JOS NORTH,15,Wahir Madugu,6,291,1003,,,Zangam
PLATEAU,,JOS SOUTH,35,PMC BARRACKS,1568,210,1004,,,Bukuru
PLATEAU,,JOS SOUTH,35,YOHANNA BOT,2524,210,1005,,,Dakunji-Farin Lamba
PLATEAU,,JOS SOUTH,35,RCM SHA'AKA,614,210,1006,,,Giring-Abattoir
PLATEAU,,KANAM,115,bankai Sarkin kassa,1134,269,1007,,,Gumgum
PLATEAU,,KANAM,115,Lamido Usman,392,269,1008,,,Kwankwani
PLATEAU,,KANKE,105,LGEA Prim School,740,232,1009,,,Dungung
PLATEAU,,LANGTAN SOUTH,165,L.G.E.A PRIM. SCHOOL,814,152,1010,,,Turaki
PLATEAU,,LANGTANG NORTH,135,P.H.C  Clinic,748,151,1011,,,Mabe
PLATEAU,,MANGU,65,GIMTI MALAU,154,195,1012,,,GIMTI
PLATEAU,,MANGU,65,YUSUF YAS,1182,195,1013,,,Mangu
PLATEAU,,MANGU,65,MEKIA ISHAYA,2208,195,1014,,,Sulwa
PLATEAU,,MIKANG,145,Ang.Mutyang Mai- Wai,206,147,1015,,,Balwom - Nwanpus
PLATEAU,,PANKSHIN,95,Nanpus  Tatga,1180,197,1016,,,Tal
PLATEAU,,PANKSHIN,95,Wabet,188,197,1017,,,Wabet
PLATEAU,,QUA ' AN PAN,85,Dajin Tuar,358,162,1018,,,Kwa
PLATEAU,,QUA ' AN PAN,85,St. John Bosco Cath.Church,1594,162,1019,,,Namu
PLATEAU,,RIYOM,45,Cocin Prayer house,442,146,1020,,,Attakar
PLATEAU,,SHENDAM,155,COCIN Church,1108,183,1021,,,Bwarat
PLATEAU,,SHENDAM,155,Likita Longurum (Congo),2202,183,1022,,,Kuka
PLATEAU,,SHENDAM,155,Gabriel Shuwardet,12,183,1023,,,Ngai
PLATEAU,,WASE,125,Mamdam Mallam,922,209,1024,,,Ibanga - Gwangtim
RIVERS,,ABUA/ODUAL,35,CHF. N. ODUAH,982,203,1025,,,OGONOKOM
RIVERS,,ABUA/ODUAL,35,LOVINA OLUOGU,2584,203,1026,,,OGBEMA
RIVERS,,AHOADA EAST,15,UMUDECHIIDE FAMILY HALL,1394,203,1027,,,OSHIUGBOKO
RIVERS,,AHOADA WEST,25,CHF. PHILIP JOSIAH,1742,158,1028,,,UKPELIEDE
RIVERS,,AKUKU  TORU,45,KARIBI BLACK DUKE,316,317,1029,,,ABONNEMA
RIVERS,,ANDONI,215,METHODIST PRIM. SCHOOL 1,270,384,1030,,,ASARAMA TOWN
RIVERS,,ANDONI,215,MARTINS ATISI,1116,384,1031,,,OYOROKOTO
RIVERS,,ASARI TORU,65,IGBAKIRI,1238,257,1032,,,BUGUMA
RIVERS,,BONNY,205,MICHAEL HALLIDAY,1186,171,1033,,,BONNY ISLAND
RIVERS,,DEGEMA,55,WILLIAM BOYE,470,209,1034,,,BILLE
RIVERS,,DEGEMA,55,MBATUBO ONIA,2026,209,1035,,,USOKUN
RIVERS,,ELEME,145,BRO. APPOLLUS EJIRE,1222,205,1036,,,AGBONCHIA
RIVERS,,EMOHUA,75,ELECHI TEGWOR,1074,181,1037,,,RUMUJI
RIVERS,,ETCHE,95,CHIEF AUGUSTINE NWANYANWU,658,179,1038,,,UMUOLA
RIVERS,,ETCHE,95,CHIEF BENARD NWANFOR,2474,179,1039,,,ODAGWA
RIVERS,,GOKANA,175,AAGBARA VITE,890,301,1040,,,MOGHO
RIVERS,,IKWERRE,85,OZOEMENAM ORDUKWU,512,244,1041,,,UBIMA
RIVERS,,KHANA,165,LEDEE ADAA,458,158,1042,,,BAA-LUEKU
RIVERS,,KHANA,165,LAWRENCE NWILE,2514,158,1043,,,BANE
RIVERS,,OBIO/AKPOR,115,ENGR. JOHN AMADI,822,164,1044,,,RUKPOKWU
RIVERS,,OBIO/AKPOR,115,GODFREY CHUNWO,2804,164,1045,,,RUMUODARA
RIVERS,,OBIO/AKPOR,115,NO; 27 AGIP ROAD,4786,164,1046,,,RUMUEME
RIVERS,,OGBA/EGBEMA/NDONI,5,EZE AMAKIRI,486,383,1047,,,IKIRI
RIVERS,,OGBA/EGBEMA/NDONI,5,DAA CAMPS,1336,383,1048,,,UGADA
RIVERS,,OKRIKA,135,CHIEF S.A.N. OPUNGIRIKO,484,247,1049,,,OKOCHIRI
RIVERS,,OKRIKA,135,ASSEMBLIES OF GOD CHURCH,1800,247,1050,,,OJIMBA-AMA
RIVERS,,OPOBO/NKORO,225,BAMABA EPELLE,466,267,1051,,,OPOBO I
RIVERS,,OYIGBO,155,SAMUEL CKIAKU,666,215,1052,,,KOM-KOM
RIVERS,,PORT-HAROURT,125,VICE CHACELLORS HOUSE,1244,175,1053,,,NKPOLU-OROWORUKWO
RIVERS,,PORT-HAROURT,125,ASSEMBLIES OF GOD CHURCH,3100,175,1054,,,AZUABIE
RIVERS,,PORT-HAROURT,125,MINA SOTONYE,4958,175,1055,,,BOROKIRI
RIVERS,,TAI,185,CHIEF SAMPSON ODAH,426,269,1056,,,KPEETE-BUNU
SOKOTO,,BINJI,15,KURA CENTRAL MOSQUE,588,280,1057,,,KURA
SOKOTO,,BODINGA,175,RAFIN GIDAN MALAM SHEKARAU,566,332,1058,,,RAFIN BUTUKU
SOKOTO,,DANGE SHUNI,185,MAGAJI BANDE,168,421,1059,,,LAFFI
SOKOTO,,DANGE SHUNI,185,STADIUM,718,421,1060,,,DANGE
SOKOTO,,GADA,55,NARUNA  MAGAJI,602,244,1061,,,GIDAN DANSUDA
SOKOTO,,GADA,55,MAGAJI MAMMAN,1550,244,1062,,,MATSERIN ALIYU
SOKOTO,,GORONYO,85,ALKALI UMMARU,264,425,1063,,,GORONYO
SOKOTO,,GORONYO,85,SARKIN DAJI MUSA,810,425,1064,,,RIMAWA
SOKOTO,,GWADABAWA,35,MAGAJI ILA,78,257,1065,,,GIDAN ANAZAR
SOKOTO,,GWADABAWA,35,SHIYAR ALU DAN GALADIMA S/FAWA,978,257,1066,,,SALAME
SOKOTO,,ILLELA,45,ALHAJI DAN KARAMI,62,307,1067,,,"LAFANIN MALLAMAWA, LAFANIN MUNLELA"
SOKOTO,,ILLELA,45,MAGAJI MANU,816,307,1068,,,KALMALO
SOKOTO,,ISA,75,ISA SHARIA COURT,876,207,1069,,,ISA
SOKOTO,,KEBBE,225,DANTANIN NA MAKAU,526,214,1070,,,INDIRE
SOKOTO,,KWARE,115,SHIYAR KAN WURI,426,230,1071,,,HAMMA'ALI
SOKOTO,,RABAH,105,KWALATA/G/S/ADAR,132,466,1072,,,"KWALAFA, GIDAN SARKIN ADAR, GIDAN SARKIN ADAR"
SOKOTO,,RABAH,105,BARE-BARI,632,466,1073,,,BARE BARI
SOKOTO,,SABON BIRNI,65,LIMAN ADAMU,1222,185,1074,,,BACHAKA
SOKOTO,,SHAGARI,205,MODE DAN DATTIJO,98,436,1075,,,DANDIN MAHE
SOKOTO,,SHAGARI,205,BABDAN RAFI,628,436,1076,,,BABBAN RAFI
SOKOTO,,SILAME,155,T/MAGANI MAI BUNDI,550,348,1077,,,"TUNGAR MAGANIN MAI BUNDI, ZIGGI"
SOKOTO,,SOKOTO NORTH,135,ALIKALIN WAZIRI,672,317,1078,,,SOKOTO
SOKOTO,,SOKOTO NORTH,135,ALH. ABDU WA,1402,317,1079,,,GANDU
SOKOTO,,SOKOTO SOUTH,125,ALHAJI ISUHU KARAYE,618,340,1080,,,SOKOTO
SOKOTO,,TAMBUWAL,215,ARZIKA DAUDA,166,277,1081,,,GAMBUWA
SOKOTO,,TAMBUWAL,215,UMMARU WAKILI,1002,277,1082,,,MAKERA
SOKOTO,,TANGAZA,25,MALAM JADI,288,198,1083,,,"ZURMUKU, DIBONI"
SOKOTO,,TURETA,195,GIDAN KIRUWA,186,317,1084,,,GIDAN KIRUWA
SOKOTO,,WAMAKKO,145,AHMED BARADE,516,298,1085,,,WAMAKKO
SOKOTO,,WURNO,95,HASHIMU MUSA,70,375,1086,,,KOLIYAL
SOKOTO,,WURNO,95,MAMMAN KITAMA'U,686,375,1087,,,CHACHO
SOKOTO,,YABO,165,AREA COURT YABO,392,418,1088,,,YABO
TARABA,,ARDO-KOLA,25,Mashi Munang,90,183,1089,,,Yashin Garba
TARABA,,ARDO-KOLA,25,Jauro Takai,874,183,1090,,,Adamu Chamba
TARABA,,BALI,95,Musa Noma,434,294,1091,,,Kankani
TARABA,,BALI,95,Omotorogon,924,294,1092,,,Bali
TARABA,,BALI,95,Gidan Rimanyang,1412,294,1093,,,Burko
TARABA,,DONGA,155,Tergema,612,228,1094,,,Agungu
TARABA,,GASHAKA,105,Oroka,60,221,1095,,,Barmani
TARABA,,GASHAKA,105,Sule Danladi,710,221,1096,,,Mai Idanu
TARABA,,GASSOL,65,Solomon Isa,526,241,1097,,,Mutum Biyu
TARABA,,GASSOL,65,Mai Ang Yusuf,1144,241,1098,,,Gassol
TARABA,,GASSOL,65,Festac Hotel,1738,241,1099,,,Wurno
TARABA,,IBI,75,COCIN Chu. S/Layi D.,406,160,1100,,,Dampar
TARABA,,JALINGO,35,Hon. Alh. Dahiru Bako,162,245,1101,,,Jalingo
TARABA,,JALINGO,35,Mohammed Yelwa,748,245,1102,,,Jalingo
TARABA,,KARIM-LAMIDO,5,Bello Haladu,206,226,1103,,,Dorawa
TARABA,,KARIM-LAMIDO,5,Garison Julapai,840,226,1104,,,Bandawa
TARABA,,KARIM-LAMIDO,5,Buba Serki,1474,226,1105,,,Nassarawo
TARABA,,KURMI,125,Sunshine Clinic,432,207,1106,,,Baissa
TARABA,,LAU,15,Joel Andraus,236,215,1107,,,Didango
TARABA,,SARDAUNA,115,Hamidu Kuka,18,211,1108,,,"Tunga Gora, Belel Fulani"
TARABA,,SARDAUNA,115,Emmanuel Wakape,698,211,1109,,,Kusuku
TARABA,,SARDAUNA,115,Kumba,1388,211,1110,,,Kune Didango
TARABA,,SARDAUNA,115,Jauro Aliyu Atake,2068,211,1111,,,Kim Ndum Yaji
TARABA,,TAKUM,145,Atinge Joseph,576,224,1112,,,Kashimbilla
TARABA,,USSA,135,Rika Abeshi,18,182,1113,,,Tamiya
TARABA,,USSA,135,David Yaro,806,182,1114,,,Kunu Yean
TARABA,,WUKARI,85,Gambo Bako Yaro,492,220,1115,,,Nwukyon
TARABA,,WUKARI,85,Paranu Sunday,1144,220,1116,,,Mbakpago
TARABA,,WUKARI,85,Deeper Life Church,1796,220,1117,,,Wukari
TARABA,,YORRO,45,Mai Chibi I.,292,210,1118,,,Donori
TARABA,,ZING,55,Mal.Angwan A. Beri,132,189,1119,,,Zing
TARABA,,ZING,55,Jauro Joseph Shugaba,892,189,1120,,,Batta
YOBE,,BADE,75,ALH. GWIO KURA,720,188,1121,,,GASHUA
YOBE,,BURSARI,55,MALLAM BALA,8,152,1122,,,TASHAN TURMI
YOBE,,BURSARI,55,JAMBO GREMA,962,152,1123,,,ZURKAYA
YOBE,,DAMATURU,115,DABO  ALIYU  HALL,724,100,1124,,,DAMATURU
YOBE,,FIKA,145,USMAN UMARU,1260,149,1125,,,DUFUWEL
YOBE,,FIKA,145,MAI ANGUWA AUDU,286,149,1126,,,KALAYE
YOBE,,FUNE,95,TAFARARE,176,337,1127,,,BULAWAINI TAFARARE
YOBE,,FUNE,95,BABAWURO M. LALLE,1036,337,1128,,,DUMBULWA
YOBE,,FUNE,95,MAIUNGUWA SHAIBU,606,337,1129,,,GARIN BAZAM
YOBE,,FUNE,95,ALRAMA AUDU,1466,337,1130,,,KAYERI
YOBE,,GEIDAM,45,BULAMA GONI UMARA,270,128,1131,,,KARUMI
YOBE,,GEIDAM,45,MODU GASUMI,1402,128,1132,,,KUKAWA
YOBE,,GUJBA,125,BULAMA MODU BRAH,46,309,1133,,,GONIRI
YOBE,,GUJBA,125,JAURO MACCIDO,516,309,1134,,,JAURO MACCIDO
YOBE,,GULANI,135,TELA BELLO,356,125,1135,,,GARIN TUWO
YOBE,,GULANI,135,MALLAM MAGAJI,1518,125,1136,,,NGUZUWA
YOBE,,JAKUSKO,85,WAKILI JINJINRI,2162,193,1137,,,BAYAM
YOBE,,JAKUSKO,85,ABDULHAMEED,1412,193,1138,,,DAMASA
YOBE,,JAKUSKO,85,ABDULLAHI MUSA,660,193,1139,,,LAFIYA LOI-LOI
YOBE,,KARASUWA,65,MOKAWU GIDE,596,161,1140,,,RUGAR MALLUM
YOBE,,MACHINA,5,MALLAM JIBIR,516,60,1141,,,MALA ABARI ADAMBE
YOBE,,NANGERE,165,DABA,204,268,1142,,,CHATA DAMBAM KARAI-KARAI
YOBE,,NGURU,15,MALL. UMARU MAI GYAURO,190,129,1143,,,BOMBORI
YOBE,,NGURU,15,ALHAJI ADO SHAGAMU,1314,129,1144,,,NGURU
YOBE,,POTISKUM,155,ALARAMA MAL . ISA,74,173,1145,,,POTISKUM
YOBE,,POTISKUM,155,AWWAL MOHAMMED,912,173,1146,,,POTISKUM
YOBE,,POTISKUM,155,HAKIMIN DAMBOA,1750,173,1147,,,POTISKUM
YOBE,,TARMUA,105,DOLORI,328,118,1148,,,"ARDORI, DOLORI"
YOBE,,YUNUSARI,35,BULAMA YURA,1632,106,1149,,,GARIN YURA MAI BUNADULA
YOBE,,YUNUSARI,35,BULAMA MODU FANDIMI,262,106,1150,,,KINDILMARI
YOBE,,YUSUFARI,25,LAMIDO BELLOJI,542,122,1151,,,RUGAR DALLOJI
YOBE,,YUSUFARI,25,LAMIDO JABARO,1730,122,1152,,,RUGAR KANDO JABGORO
ZAMFARA,,ANKA,25,SARKIN KAYA ABU,126,222,1153,,,ANKA
ZAMFARA,,ANKA,25,LAWALI AHMED,1048,222,1154,,,WUYA
ZAMFARA,,BAKURA,35,ZAKARI,508,295,1155,,,DAMBO
ZAMFARA,,BAKURA,35,YAR DUTSI,1202,295,1156,,,NAGARAWA
ZAMFARA,,BIRNIN-MAGAJI,85,DANMALAM BADAMA,1252,148,1157,,,BADAMA
ZAMFARA,,BUKKUYUM,15,MALAM GARBA DAN KANE,110,208,1158,,,BUKKUYUM
ZAMFARA,,BUKKUYUM,15,MUHAMMADU KIMBA,1096,208,1159,,,YAN KANKI
ZAMFARA,,BUNGUDU,125,LAWALI MURTALA,2,185,1160,,,BUNGUDU
ZAMFARA,,BUNGUDU,125,KANGO,2216,185,1161,,,KANGO
ZAMFARA,,BUNGUDU,125,YADDA HULA TAURAWA,1110,185,1162,,,YADALA HULA TAURAWA
ZAMFARA,,GUMMI,5,MAGAJI BAMMO,558,175,1163,,,GIDAN ORO
ZAMFARA,,GUMMI,5,USMAN HAKIMI,1728,175,1164,,,MAISO
ZAMFARA,,GUSAU,115,MUSA ABUBAKAR,1768,169,1165,,,DAMBA
ZAMFARA,,GUSAU,115,KABIRU ROGO,2978,169,1166,,,GALADIMA(GUSAU)
ZAMFARA,,GUSAU,115,MALAM BUWAI,556,169,1167,,,MADA
ZAMFARA,,GUSAU,115,GARBA SHA DADINKA,4190,169,1168,,,YARGADA
ZAMFARA,,KAURAN-NAMODA,95,ALI PASS-MAN,672,220,1169,,,BARKEJI
ZAMFARA,,KAURAN-NAMODA,95,LAWALI DAN NANA,2534,220,1170,,,SABON GARI
ZAMFARA,,KAURAN-NAMODA,95,IBRAHIM SARKIN NOMA,1604,220,1171,,,SABON GARIN MAKORU
ZAMFARA,,MARADUN,55,MU'AZU DAN IYA,1644,241,1172,,,BAKYASUWA
ZAMFARA,,MARADUN,55,WAKKALA DAN YARI,796,241,1173,,,FADAMA
ZAMFARA,,MARU,135,ABUBAKAR MATASHI,1458,128,1174,,,GALEJI
ZAMFARA,,MARU,135,ABU MAI UNGUWAR,3058,128,1175,,,HANNU TARA
ZAMFARA,,SHINKAFI,65,KATURU OUT POST,588,368,1176,,,KATURU
ZAMFARA,,SHINKAFI,65,MANI MAIBUHU,30,368,1177,,,SHINKAFI
ZAMFARA,,TALATA MAFARA,45,RABI'U HEADMASTER,1814,195,1178,,,GWARAM
ZAMFARA,,TALATA MAFARA,45,ZANGON BUGAJE,764,195,1179,,,MAKERA
ZAMFARA,,TSAFE,105,MALAM AHMAD,1386,239,1180,,,BILBIS
ZAMFARA,,TSAFE,105,MALAM DUNGAI,530,239,1181,,,YANDOTON DAJI
ZAMFARA,,ZURMI,75,SARKIN ASKI,2224,185,1182,,,BOKO
ZAMFARA,,ZURMI,75,ALH. SANI MAKERI,1116,185,1183,,,DORAYI
ZAMFARA,,ZURMI,75,ALTI SECRETARY,10,185,1184,,,ZURMI
ABIA,,ABA  SOUTH,135,NO18 UGOALA STREET,2046,315,1185,RC,,ETITI - OHAZU UMUMBA
ABIA,,IKWUANO,75,WALKER-MAN CHRISTIAN ASSO.,988,281,1186,RC,,NTALAKWU
ABIA,,OHAFIA,35,MR. AJIKE ANYA JP,868,282,1187,RC,,ASAGA OHAFIA
ABIA,,UMUAHIA NORTH,55,NO 14 UWALAKA STREET,1006,271,1188,RC,,UGBA AFARATA
ADAMAWA,,GANYE,195,REDEEM PEOPLES MISSION,782,232,1189,RC,,GANYE
ADAMAWA,,JADA,185,Low Cost Housing Est.,468,385,1190,RC,,Pakorgel
ADAMAWA,,MUBI NORTH,25,BAPTIST CHURCH MUCHALLA,316,302,1191,RC,,MUCHALLA
ADAMAWA,,YOLA NORTH,135,MOHAMMED DAURA,322,461,1192,RC,,RUMDE
AKWA IBOM,,EKET,265,FAITH TABERNACLE CHURCH,644,197,1193,RC,,IDUNG UDOFA
AKWA IBOM,,IBIONO IBOM,45,NNAMONSO A. UDOSANG,992,247,1194,RC,,IKPA  IKOT  UBO
AKWA IBOM,,MKPAT ENIN,145,YOUTH PARK,832,245,1195,RC,,IKOT ABIA
AKWA IBOM,,ORUK -- ANAM,135,AKWAOWO VICTOR,1054,248,1196,RC,,IDUNG NTUK UMA
ANAMBRA,,AGUATA,195,ST. PATRICK CATH. CHURCH,240,205,1197,RC,,OZALA-ISUOFIA
ANAMBRA,,AWKA NORTH,25,SILAS  ANYAORAH,1008,188,1198,RC,,OKPUNO-EBENEBE
ANAMBRA,,IDEMILI NORTH,105,OSEGBO GABRIEL,4168,204,1199,RC,,IDEOMA-DIMECHEM-UMUOJI
ANAMBRA,,NNEWI SOUTH,185,OKOYE LONGINUS,2204,205,1200,RC,,NDAM-AKWAIHDI
BAUCHI,,BAUCHI,145,MAMUDA SALE F BAYAK,2158,235,1201,RC,,BAUCHI
BAUCHI,,GANJUWA,105,BABAYO UBANDOMA,540,238,1202,RC,,KAFIN MADAKI
BAUCHI,,MISAU,75,JAURO LARI,74,237,1203,RC,,HUNAWO
BAUCHI,,TORO,135,HARDO SULAIMAN JULDE,606,228,1204,RC,,HARDO
BAYELSA,,EKEREMOR,5,EKIOMOERE BOU,2198,168,1205,RC,,PERETORU GBENE
BAYELSA,,OGBIA,45,CHRISTOPHER IKENI,1170,227,1206,RC,,OLOGOHE
BAYELSA,,SOUTHERN IJAW,55,CHF. HIGHNESS EGOJOGBO E.G. OJOGBO,2316,165,1207,RC,,GBARAUN
BAYELSA,,YENAGOA,35,SYLVANUS AWI,3914,151,1208,RC,,YANAKA
BENUE,,GBOKO,105,WILLIAM IKYU,510,172,1209,RC,,MBANEV
BENUE,,KONSHISHA,195,ASAWA ANYONKO,498,148,1210,RC,,MBATIMGUNDU III
BENUE,,OGBADIBO,155,Ogwukwyi Ogicho,812,137,1211,RC,,Ai-Odu
BENUE,,USHONGO,205,MR TYEM ASOMBO,156,133,1212,RC,,MBAMAKPE
BORNO,,CHIBOK,215,FALLI NGOBJI,6,141,1213,RC,,YARCHIDA
BORNO,,KONDUGA,75,ADAM MUSTAFA,1044,184,1214,RC,,KAIGAMARI
BORNO,,MAIDUGURI,85,BUKAR MALA ALI,2480,189,1215,RC,,FEZZAN
BORNO,,NGALA,155,YERIMA B. ABBA,636,429,1216,RC,,GAMBORU
CROSS RIVER,,AKPABUYO,165,CHIEF JEREMIAH OKON,338,486,1217,RC,,EKPRI IKOT EYO EDEM
CROSS RIVER,,CALABAR MUNICIPAL,155,E. O. ENE,276,307,1218,RC,,IKOT EFFANGHA MKPA
CROSS RIVER,,OBUBRA,85,DEEPER LIFE CHURCH,490,152,1219,RC,,ONYEN-OKPON
CROSS RIVER,,YAKURR,95,NTANKPO COMMUNITY WATERBOARD,802,153,1220,RC,,NTANKPO UGEP
DELTA,,ANIOCHA SOUTH,45,AMINA MICHAEL,320,415,1221,RC,,UBULU-UKU
DELTA,,IKA SOUTH,5,FRIDAY OMOROGIE,852,166,1222,RC,,OROGODO-AGBOR
DELTA,,OSHIMILI SOUTH,55,STOPOVER GUEST HOUSE,454,236,1223,RC,,ASABA
DELTA,,UKWUANI,85,ONWUDEGU,130,218,1224,RC,,UMUTU
EBONYI,,ABAKALIKI,45,MBAM NWENYA,644,138,1225,RC,,OMA NKALEKE OKPITUMO
EBONYI,,EBONYI,25,NO 12 OJEWERE STREET,2032,122,1226,RC,,ABAKPA (OZIBO)
EBONYI,,ISHIELU,5,ASSEMBLIES OF GOD CHURCH,820,114,1227,RC,,UMUEZEOKA EZZA EZILLO
EBONYI,,OHAOZARA,95,PATRICK UGWU,778,207,1228,RC,,ENU OGUDU
EDO,,AKOKO EDO,5,ROYAL PALACE,520,555,1229,RC,,OJIRAMI
EDO,,ESAN SOUTH EAST,95,SOLOMON AGUELE,948,260,1230,RC,,EWOHIMI
EDO,,IKPOBA-OKHA,165,PATRICK  IGBINIGIE,1370,185,1231,RC,,OGBESON
EDO,,OVIA NORTH EAST,125,IGBINEDION  ENABULE,46,199,1232,RC,,UHEN
EKITI,,ADO EKITI,65,PASTOR FAKEHINDE,1436,174,1233,RC,,ADO-EKITI
EKITI,,EKITI SOUTH WEST,125,OKEPA HALL,380,198,1234,RC,,ILAWE EKITI
EKITI,,IJERO,95,MR AYELABOWO,452,171,1235,RC,,IPOTI EKITI
EKITI,,IREPODUN/IFELODUN,75,AGBEDE OGUNTOYINBO,492,217,1236,RC,,IGEDE EKITI
ENUGU,,ENUGU EAST,95,NNABUSI EME,604,343,1237,RC,,NIKE UGWUAGOR
ENUGU,,IGBO-ETITI,45,UGWUDIGBO THOMAS,320,204,1238,RC,,OZALA-UWELU AKABITE
ENUGU,,NKANU EAST,105,PROF SAMUEL CHUKWU,812,212,1239,RC,,NARA-UMUIBA
ENUGU,,UDENU,25,STEPHEN OGBU,1476,222,1240,RC,,AGU ORBA ISIUGWU
GOMBE,,BALANGA,75,Yusi Machido,556,225,1241,RC,,Junge
GOMBE,,FUNAKAYE,25,Yusi Machido,300,209,1242,RC,,FESHINGO BARKONO
GOMBE,,KALTUNGO,85,Yusi Machido,1232,193,1243,RC,,NAHUTA
GOMBE,,YAMALTU/DEBA,65,Yusi Machido,612,213,1244,RC,,KUBA
IMO,,EHIME MBANO,155,SYLVANUS IWUOHA,22,168,1245,RC,,IKPEM
IMO,,ISIALA-MBANO,145,CHF IWUOZOR CELESTINE,998,200,1246,RC,,UMUELE
IMO,,NWANGELE,135,ST MATTEW'S ANG CHURCH,824,245,1247,RC,,UMUNAKARA
IMO,,ORU EAST,65,OBI VINCENT,164,216,1248,RC,,IHITTE-AKUMA
JIGAWA,,Auyo,165,Alhaji Shua'ibu,114,194,1249,RC,,Ganuwar Kuka
JIGAWA,,DUTSE,235,MAGORAWA,1622,250,1250,RC,,KARGO
JIGAWA,,JAHUN,215,GALADIMA DAN TSOLO,696,243,1251,RC,,JAHUN
JIGAWA,,MAIGATARI,95,mohammed Bulama,214,213,1252,RC,,Burku
KADUNA,,GIWA,15,GIDAN WAKE,828,338,1253,RC,,KAKANGI
KADUNA,,KADUNA NORTH,105,G.O.C. HOUSE,358,353,1254,RC,,DALET BARRACKS
KADUNA,,KUBAU,65,KARAMBANI .A. MUNAMAWA,548,292,1255,RC,,GANDARI
KADUNA,,SOBA,75,ALH NUHU MAI UNG,1644,316,1256,RC,,RAHAMA
KANO,,DOGUWA,435,GUSAU,358,363,1257,RC,,DOKAR MAKERA
KANO,,KARAYE,295,ALH. TUKUR,130,265,1258,RC,,KWANYAWA
KANO,,RANO,365,ABDU MATO,788,244,1259,RC,,ZANYAU
KANO,,WUDIL,235,MUSA MAI SUYA,1194,284,1260,RC,,YANDOJI ING. GABAS
KATSINA,,BATSARI,105,ELBE ESO,736,172,1261,RC,,KWARI MAI ZURFI
KATSINA,,DUTSIN MA,205,ABU YARIMAN DUTSIN MA,1196,144,1262,RC,,DUTSINMA
KATSINA,,KANKARA,245,ALHAJI HUDU,2396,182,1263,RC,,KANKARA
KATSINA,,MATAZU,225,UMARU BALANGE,90,185,1264,RC,,ILALLI
KEBBI,,AREWA-DANDI,5,HAMIDU NOMA,404,188,1265,RC,,GORUN BANDARANI
KEBBI,,BIRNIN KEBBI,45,MUH'D D/JUMMA SHATA,1164,186,1266,RC,,AMBURSA
KEBBI,,JEGA,65,ALHAJI   SAMAILA,916,247,1267,RC,,JEGA
KEBBI,,SHANGA,165,TAKALAFIYA,1018,193,1268,RC,,T/TAKALAFIYA
KOGI,,ANKPA,155,MATHEW ATTAH,94,202,1269,RC,,IKAH-ODETO
KOGI,,IDAH,195,EJIMA  OPALUWA,360,240,1270,RC,,IDAH
KOGI,,OFU,175,ALIH SULE,254,201,1271,RC,,OJODU 1
KOGI,,OLAMABORO,165,SEIDU EMMAIKWU,754,195,1272,RC,,INWA
KWARA,,ASA,95,EWUSI,1576,128,1273,RC,,EWUSI
KWARA,,IFELODUN,55,MUNIRATU   MALOMO,1226,171,1274,RC,,ORO-AGO
KWARA,,ILORIN WEST,85,ALH. IBRAHIM DENDE  ELEWU,1304,115,1275,RC,,ILORIN
KWARA,,KAIAMA,15,GURE  JOWURO,1376,135,1276,RC,,BANI
LAGOS,,ALIMOSHO,35,Atan Olukosi,4114,344,1277,RC,,Shasha
LAGOS,,IFAKO IJAYE,55,Alafia,1988,296,1278,RC,,Iju
LAGOS,,MUSHIN,85,Oduntan Street II,302,496,1279,RC,,Papa-Ajao
LAGOS,,SURULERE,95,Itelorun Street 1,350,461,1280,RC,,Ijeshatedo
NASARAWA,,AWE,75,GSS TUNGA,584,193,1281,RC,,TUNGA
NASARAWA,,KEANA,95,ORKAR IORCHA,420,264,1282,RC,,ORKAR
NASARAWA,,LAFIA,65,MOHAMMED PANDAM,2530,190,1283,RC,,LAFIA AKASA
NASARAWA,,OBI,85,KUKIGHIR VEMBE,424,195,1284,RC,,ICHASWA
NIGER,,BOSSO,115,ABUBAKAR SADIQ S.,1376,208,1285,RC,,GURUSU
NIGER,,LAVUN,135,SALIHU S. FAWA,178,157,1286,RC,,MASHIGI DAJ
NIGER,,MOKWA,145,SANI DANKULU,1818,217,1287,RC,,TABU
NIGER,,SULEJA,235,MR. OYUS OYEDETUN,760,220,1288,RC,,Bagama
OGUN,,ADO-ODO/OTA,95,MR ABOLADE ODUSANYA,3126,234,1289,RC,,IGBESA
OGUN,,IFO,105,PRECIOUS CORNERSTONE SCH.,2622,288,1290,RC,,BAALE AKINOSI
OGUN,,IMEKO-AFON,5,AYOOLA JAFARU'S COMPOUND,306,379,1291,RC,,IMEKO
OGUN,,SAGAMU,115,S.O. ODUSUSI,1228,229,1292,RC,,ODE LEMO
ONDO,,AKURE NORTH,65,ST DAVID ANGLICAN CHURCH,944,191,1293,RC,,AGAMO
ONDO,,IFEDORE,85,CH. OJOMU,1062,331,1294,RC,,IRESE
ONDO,,OKITIPUPA,145,CHIEF AJANA,280,195,1295,RC,,OKEDEBI
ONDO,,OWO,55,ST. LOUIS SEC. SCHOOL,1634,183,1296,RC,,OWO
OSUN,,AYEDADE,245,ONIKAN,2408,104,1297,RC,,GBONGAN
OSUN,,IFE EAST,275,JAKOBU DADA,196,112,1298,RC,,ILE - IFE
OSUN,,ILESHA WEST,155,IDEAL FOUNDATION SCHOOL,1190,148,1299,RC,,ILESA
OSUN,,OLA OLUWA,195,RASIDI  ADENIYI,598,101,1300,RC,,BODE - OSI
OYO,,IBADAN NORTH EAST,295,SAS ENGINEERING,1580,188,1301,RC,,BABA ISALE
OYO,,IREPO,5,IBRAHEEM SERIKI,1316,128,1302,RC,,GAA TAGO ELEJOLA
OYO,,OLUYOLE,325,OBANTAL HOSPITAL,980,157,1303,RC,,OLORUNKEMI
OYO,,SURULERE,105,ALH MUHAMED,1162,185,1304,RC,,"HUMAR  ALIU, HASSAN KELANI, GAA ALIU AYELAGBE, GAA ALH MUHAMED, GAA JIMOH MOHAMMED, GAA  FULANI,"
PLATEAU,,BASSA,5,"Block D24, D25 & D26",754,302,1305,RC,,Bassa
PLATEAU,,JOS SOUTH,35,COCIN ANGLO-JOS,196,210,1306,RC,,Anglo-Jos
PLATEAU,,LANGTANG NORTH,135,Jibbai,1496,151,1307,RC,,Jibbai
PLATEAU,,QUA ' AN PAN,85,L.G.E.A. Primary School,2292,162,1308,RC,,Lankaku
RIVERS,,AKUKU  TORU,45,SELEPRIM JOE,608,317,1309,RC,,IDAMA
RIVERS,,EMOHUA,75,NCHELEM NWOSU,1584,181,1310,RC,,ODUOHA-EMOHUA
RIVERS,,OBIO/AKPOR,115,TRUE FOUNDATION GOSPEL CHURCH,3366,164,1311,RC,,WOJI
RIVERS,,PORT-HAROURT,125,PASTOR MIKE,1770,175,1312,RC,,RUMUWOJI
SOKOTO,,GADA,55,ADBULLAHI ABAKAR,1526,244,1313,RC,,TABANNI
SOKOTO,,KEBBE,225,MOHAMMAD MAI GARI,500,214,1314,RC,,SABON GARIN ZUGU
SOKOTO,,SOKOTO NORTH,135,SAHABI D/MAI HALI,654,317,1315,RC,,SOKOTO
SOKOTO,,WURNO,95,NA HANTSI LONGMAN,54,375,1316,RC,,DIMBISO
TARABA,,BALI,95,Ladan Shehu,802,294,1317,RC,,Kurmin Goro
TARABA,,IBI,75,Catholic Church,182,160,1318,RC,,Majibiyu
TARABA,,LAU,15,Ishaya Vinazen,738,215,1319,RC,,Mararaba Kunin
TARABA,,WUKARI,85,Mai Ang. Dan'asabe Hoku,982,220,1320,RC,,Nwuko
YOBE,,FUNE,95,MALLAM ZUBAIRU,398,337,1321,RC,,J. MALLAM TIKAU
YOBE,,GULANI,135,MALLAM SABIU,958,125,1322,RC,,BUMSA
YOBE,,NGURU,15,SANI MUSA KALLA,772,129,1323,RC,,NGURU
YOBE,,YUSUFARI,25,ALHAJI IDI,1156,122,1324,RC,,RUGAR LAMIDO JAURO
ZAMFARA,,ANKA,25,ALIYU BAKANIKE,998,222,1325,RC,,JARKUKA
ZAMFARA,,BUNGUDU,125,JU'MUAT MOSQUE,2156,185,1326,RC,,MASHEMA
ZAMFARA,,KAURAN-NAMODA,95,MALAM ABU MAI ARABIC,1552,220,1327,RC,,DOGON KADE
ZAMFARA,,TALATA MAFARA,45,MAGAJI MAKERA,708,195,1328,RC,,MAKERA
FCT ABUJA,,AMAC,15,SAMUEL ASHANU,1334,448,1329,RC,,LIFE CAMP
FCT ABUJA,,AMAC,15,THE GLORIOUS FAMILY CHURCH,3068,448,1330,RC,,SABO LUGBE
FCT ABUJA,,Bwari,5,WACHMAN CHURCH,456,351,1331,RC,,MPAPE
FCT ABUJA,,KUJE,55,CHIEF'S PALACE YANGA,244,360,1332,RC,,YANGA